時間,ソアリン,トイストーリーマニア,タワーオブテラー,センターオブジアース,インディージョーンズ,レイジングスピリッツ,マジックランプシアター,タートルトーク,曜日_数値,曜日,休日
2023-08-01 09:00:00,0,0,0,0,0,0,0,0,1,Tuesday,False
2023-08-01 09:15:00,140,110,50,55,10,10,0,15,1,Tuesday,False
2023-08-01 09:30:00,140,120,70,70,30,40,0,20,1,Tuesday,False
2023-08-01 09:45:00,140,110,65,65,70,45,0,35,1,Tuesday,False
2023-08-01 10:00:00,130,110,60,0,80,50,0,35,1,Tuesday,False
2023-08-01 10:15:00,115,115,50,0,85,60,20,30,1,Tuesday,False
2023-08-01 10:30:00,115,110,55,0,80,60,20,35,1,Tuesday,False
2023-08-01 10:45:00,115,110,110,0,70,50,25,35,1,Tuesday,False
2023-08-01 11:00:00,100,100,140,10,60,50,30,40,1,Tuesday,False
2023-08-01 11:15:00,100,0,140,55,60,45,30,40,1,Tuesday,False
2023-08-01 11:30:00,100,0,120,90,45,45,30,35,1,Tuesday,False
2023-08-01 11:45:00,100,0,110,90,40,45,35,35,1,Tuesday,False
2023-08-01 12:00:00,100,0,50,90,40,40,35,35,1,Tuesday,False
2023-08-01 12:15:00,95,0,50,90,50,45,25,40,1,Tuesday,False
2023-08-01 12:30:00,0,0,40,90,55,45,25,40,1,Tuesday,False
2023-08-01 12:45:00,0,30,40,80,55,40,30,40,1,Tuesday,False
2023-08-01 13:00:00,0,80,70,80,55,45,30,15,1,Tuesday,False
2023-08-01 13:15:00,45,0,0,90,60,55,35,20,1,Tuesday,False
2023-08-01 13:30:00,0,0,0,100,55,0,0,20,1,Tuesday,False
2023-08-01 13:45:00,0,0,0,0,45,0,0,0,1,Tuesday,False
2023-08-01 14:00:00,70,0,30,100,50,10,25,0,1,Tuesday,False
2023-08-01 14:15:00,120,0,65,100,55,5,30,15,1,Tuesday,False
2023-08-01 14:30:00,130,0,70,100,55,60,30,30,1,Tuesday,False
2023-08-01 14:45:00,130,60,70,80,45,60,40,35,1,Tuesday,False
2023-08-01 15:00:00,110,100,60,80,45,55,35,40,1,Tuesday,False
2023-08-01 15:15:00,110,115,90,80,45,55,35,40,1,Tuesday,False
2023-08-01 15:30:00,95,100,55,110,50,45,35,40,1,Tuesday,False
2023-08-01 15:45:00,95,100,50,110,50,50,45,40,1,Tuesday,False
2023-08-01 16:00:00,95,80,50,80,50,50,30,15,1,Tuesday,False
2023-08-01 16:15:00,90,80,50,65,50,45,15,20,1,Tuesday,False
2023-08-01 16:30:00,80,90,60,55,45,50,20,20,1,Tuesday,False
2023-08-01 16:45:00,80,90,60,60,40,55,20,40,1,Tuesday,False
2023-08-01 17:00:00,80,90,50,65,30,50,20,20,1,Tuesday,False
2023-08-01 17:15:00,85,90,50,70,30,40,20,20,1,Tuesday,False
2023-08-01 17:30:00,100,95,45,60,35,40,15,20,1,Tuesday,False
2023-08-01 17:45:00,100,90,50,55,50,40,20,20,1,Tuesday,False
2023-08-01 18:00:00,100,90,50,55,45,40,20,20,1,Tuesday,False
2023-08-01 18:15:00,0,0,0,0,0,0,0,0,1,Tuesday,False
2023-08-01 18:30:00,90,70,55,50,40,50,25,20,1,Tuesday,False
2023-08-01 18:45:00,90,85,45,50,35,45,15,15,1,Tuesday,False
2023-08-01 19:00:00,90,85,45,50,35,45,15,15,1,Tuesday,False
2023-08-01 19:15:00,90,80,45,45,30,35,15,15,1,Tuesday,False
2023-08-01 19:30:00,90,80,45,40,35,20,20,20,1,Tuesday,False
2023-08-01 19:45:00,85,80,40,35,20,30,25,15,1,Tuesday,False
2023-08-01 20:00:00,80,70,30,35,15,20,25,15,1,Tuesday,False
2023-08-01 20:15:00,70,60,30,20,10,5,25,20,1,Tuesday,False
2023-08-01 20:30:00,45,35,30,20,5,10,15,20,1,Tuesday,False
2023-08-01 20:45:00,0,0,0,25,10,15,0,20,1,Tuesday,False
2023-08-02 09:00:00,0,0,0,0,0,0,0,0,2,Wednesday,False
2023-08-02 09:15:00,140,120,55,65,5,5,0,15,2,Wednesday,False
2023-08-02 09:30:00,140,120,65,80,30,10,0,15,2,Wednesday,False
2023-08-02 09:45:00,150,130,65,80,50,50,0,30,2,Wednesday,False
2023-08-02 10:00:00,120,110,60,70,70,55,0,35,2,Wednesday,False
2023-08-02 10:15:00,100,100,60,65,70,50,15,35,2,Wednesday,False
2023-08-02 10:30:00,100,100,55,70,60,45,20,35,2,Wednesday,False
2023-08-02 10:45:00,100,90,65,80,55,45,25,35,2,Wednesday,False
2023-08-02 11:00:00,85,80,65,80,60,45,25,45,2,Wednesday,False
2023-08-02 11:15:00,85,70,65,85,60,40,25,35,2,Wednesday,False
2023-08-02 11:30:00,90,60,70,70,55,35,30,35,2,Wednesday,False
2023-08-02 11:45:00,100,70,50,60,45,40,35,20,2,Wednesday,False
2023-08-02 12:00:00,100,75,45,60,40,40,20,25,2,Wednesday,False
2023-08-02 12:15:00,80,70,50,60,40,40,25,50,2,Wednesday,False
2023-08-02 12:30:00,80,80,45,65,45,40,30,40,2,Wednesday,False
2023-08-02 12:45:00,80,85,55,70,45,40,30,40,2,Wednesday,False
2023-08-02 13:00:00,90,70,60,70,45,30,30,20,2,Wednesday,False
2023-08-02 13:15:00,90,65,60,65,50,30,25,20,2,Wednesday,False
2023-08-02 13:30:00,90,65,60,60,50,35,20,20,2,Wednesday,False
2023-08-02 13:45:00,90,65,60,70,45,40,25,20,2,Wednesday,False
2023-08-02 14:00:00,75,100,60,70,45,45,35,35,2,Wednesday,False
2023-08-02 14:15:00,105,100,60,60,45,45,30,35,2,Wednesday,False
2023-08-02 14:30:00,105,80,55,60,45,45,30,15,2,Wednesday,False
2023-08-02 14:45:00,105,80,55,70,40,45,15,20,2,Wednesday,False
2023-08-02 15:00:00,110,75,50,65,40,45,25,35,2,Wednesday,False
2023-08-02 15:15:00,90,75,55,65,55,50,20,40,2,Wednesday,False
2023-08-02 15:30:00,80,85,60,75,50,55,30,40,2,Wednesday,False
2023-08-02 15:45:00,70,85,60,80,50,45,35,35,2,Wednesday,False
2023-08-02 16:00:00,95,80,50,65,60,45,15,35,2,Wednesday,False
2023-08-02 16:15:00,100,80,45,55,55,35,35,35,2,Wednesday,False
2023-08-02 16:30:00,100,85,40,55,45,30,25,20,2,Wednesday,False
2023-08-02 16:45:00,95,75,40,45,45,40,25,20,2,Wednesday,False
2023-08-02 17:00:00,85,75,45,50,40,40,15,20,2,Wednesday,False
2023-08-02 17:15:00,100,80,50,50,25,40,15,30,2,Wednesday,False
2023-08-02 17:30:00,100,80,60,55,45,40,25,20,2,Wednesday,False
2023-08-02 17:45:00,100,75,60,55,50,35,20,20,2,Wednesday,False
2023-08-02 18:00:00,0,65,55,50,35,40,25,20,2,Wednesday,False
2023-08-02 18:15:00,0,65,55,50,35,40,25,35,2,Wednesday,False
2023-08-02 18:30:00,70,85,55,55,50,35,25,50,2,Wednesday,False
2023-08-02 18:45:00,80,85,50,45,50,45,25,15,2,Wednesday,False
2023-08-02 19:00:00,90,75,40,45,40,40,15,20,2,Wednesday,False
2023-08-02 19:15:00,90,65,30,45,35,40,20,20,2,Wednesday,False
2023-08-02 19:30:00,90,55,35,40,30,25,20,20,2,Wednesday,False
2023-08-02 19:45:00,90,45,40,35,30,20,20,15,2,Wednesday,False
2023-08-02 20:00:00,70,35,30,35,15,15,20,15,2,Wednesday,False
2023-08-02 20:15:00,60,35,30,25,5,15,20,15,2,Wednesday,False
2023-08-02 20:30:00,0,35,25,20,5,5,20,15,2,Wednesday,False
2023-08-02 20:45:00,0,0,0,0,5,5,0,20,2,Wednesday,False
2023-08-03 09:00:00,130,110,50,45,10,5,0,5,3,Thursday,False
2023-08-03 09:15:00,140,110,65,60,20,0,0,20,3,Thursday,False
2023-08-03 09:30:00,140,120,65,90,50,0,0,20,3,Thursday,False
2023-08-03 09:45:00,140,120,65,90,80,0,0,20,3,Thursday,False
2023-08-03 10:00:00,120,110,70,90,90,0,5,20,3,Thursday,False
2023-08-03 10:15:00,120,110,70,90,95,0,20,45,3,Thursday,False
2023-08-03 10:30:00,80,110,65,90,95,0,20,45,3,Thursday,False
2023-08-03 10:45:00,80,110,65,90,85,0,30,45,3,Thursday,False
2023-08-03 11:00:00,100,100,65,90,80,0,35,45,3,Thursday,False
2023-08-03 11:15:00,100,100,65,85,80,0,30,35,3,Thursday,False
2023-08-03 11:30:00,100,100,65,75,75,0,35,35,3,Thursday,False
2023-08-03 11:45:00,90,80,70,75,55,15,35,45,3,Thursday,False
2023-08-03 12:00:00,85,70,60,85,30,35,40,35,3,Thursday,False
2023-08-03 12:15:00,85,75,60,85,45,35,40,35,3,Thursday,False
2023-08-03 12:30:00,100,80,55,80,70,40,30,35,3,Thursday,False
2023-08-03 12:45:00,100,85,55,80,65,40,30,35,3,Thursday,False
2023-08-03 13:00:00,85,90,65,80,65,40,35,40,3,Thursday,False
2023-08-03 13:15:00,80,80,65,80,65,30,20,20,3,Thursday,False
2023-08-03 13:30:00,80,80,65,65,65,40,20,30,3,Thursday,False
2023-08-03 13:45:00,90,80,65,65,60,40,25,35,3,Thursday,False
2023-08-03 14:00:00,100,80,65,65,60,50,25,35,3,Thursday,False
2023-08-03 14:15:00,100,80,50,75,60,50,30,15,3,Thursday,False
2023-08-03 14:30:00,95,70,55,75,60,50,30,20,3,Thursday,False
2023-08-03 14:45:00,80,75,60,75,50,55,40,35,3,Thursday,False
2023-08-03 15:00:00,80,100,60,75,55,55,35,35,3,Thursday,False
2023-08-03 15:15:00,100,95,60,75,55,55,25,20,3,Thursday,False
2023-08-03 15:30:00,110,80,55,55,60,65,35,40,3,Thursday,False
2023-08-03 15:45:00,90,80,55,60,65,65,35,20,3,Thursday,False
2023-08-03 16:00:00,80,75,40,70,60,70,30,35,3,Thursday,False
2023-08-03 16:15:00,80,75,40,65,45,70,40,35,3,Thursday,False
2023-08-03 16:30:00,80,80,60,60,45,70,25,20,3,Thursday,False
2023-08-03 16:45:00,95,0,60,60,35,60,25,40,3,Thursday,False
2023-08-03 17:00:00,105,0,65,50,45,60,25,35,3,Thursday,False
2023-08-03 17:15:00,105,0,65,60,50,45,15,35,3,Thursday,False
2023-08-03 17:30:00,120,0,60,70,55,45,25,35,3,Thursday,False
2023-08-03 17:45:00,130,100,60,70,55,50,25,35,3,Thursday,False
2023-08-03 18:00:00,150,100,50,70,55,55,20,15,3,Thursday,False
2023-08-03 18:15:00,105,85,45,60,50,55,15,35,3,Thursday,False
2023-08-03 18:30:00,105,85,50,55,45,50,20,35,3,Thursday,False
2023-08-03 18:45:00,105,100,60,55,40,45,15,20,3,Thursday,False
2023-08-03 19:00:00,100,90,55,45,50,50,20,20,3,Thursday,False
2023-08-03 19:15:00,100,80,45,45,40,50,25,20,3,Thursday,False
2023-08-03 19:30:00,80,70,40,35,35,35,20,20,3,Thursday,False
2023-08-03 19:45:00,75,60,40,35,25,30,25,15,3,Thursday,False
2023-08-03 20:00:00,65,50,40,35,20,20,25,15,3,Thursday,False
2023-08-03 20:15:00,65,40,25,30,10,5,25,15,3,Thursday,False
2023-08-03 20:30:00,0,0,20,25,5,10,25,15,3,Thursday,False
2023-08-03 20:45:00,0,0,0,0,5,15,0,25,3,Thursday,False
2023-08-04 09:00:00,120,130,45,40,5,5,0,15,4,Friday,False
2023-08-04 09:15:00,140,130,60,55,5,5,0,20,4,Friday,False
2023-08-04 09:30:00,150,130,70,55,45,20,0,20,4,Friday,False
2023-08-04 09:45:00,150,130,70,55,60,40,0,35,4,Friday,False
2023-08-04 10:00:00,140,120,70,80,70,60,5,20,4,Friday,False
2023-08-04 10:15:00,120,110,60,85,65,60,25,25,4,Friday,False
2023-08-04 10:30:00,100,100,90,80,50,55,25,45,4,Friday,False
2023-08-04 10:45:00,90,90,90,75,40,45,25,50,4,Friday,False
2023-08-04 11:00:00,90,75,100,75,45,40,30,30,4,Friday,False
2023-08-04 11:15:00,90,70,100,70,50,40,30,30,4,Friday,False
2023-08-04 11:30:00,100,70,90,70,50,40,30,30,4,Friday,False
2023-08-04 11:45:00,100,85,60,70,50,40,40,35,4,Friday,False
2023-08-04 12:00:00,90,90,50,65,45,40,35,35,4,Friday,False
2023-08-04 12:15:00,90,90,40,65,50,40,25,35,4,Friday,False
2023-08-04 12:30:00,90,105,45,65,50,45,25,35,4,Friday,False
2023-08-04 12:45:00,90,105,50,60,40,35,30,30,4,Friday,False
2023-08-04 13:00:00,90,100,60,60,40,35,30,35,4,Friday,False
2023-08-04 13:15:00,90,110,60,60,45,35,35,30,4,Friday,False
2023-08-04 13:30:00,90,100,60,65,45,35,35,30,4,Friday,False
2023-08-04 13:45:00,100,80,60,65,45,40,25,35,4,Friday,False
2023-08-04 14:00:00,100,75,70,65,50,50,25,50,4,Friday,False
2023-08-04 14:15:00,90,75,65,70,50,50,30,30,4,Friday,False
2023-08-04 14:30:00,100,80,65,70,60,45,30,20,4,Friday,False
2023-08-04 14:45:00,95,80,65,70,65,45,35,20,4,Friday,False
2023-08-04 15:00:00,85,85,65,65,65,40,35,55,4,Friday,False
2023-08-04 15:15:00,90,80,50,65,65,35,40,30,4,Friday,False
2023-08-04 15:30:00,100,80,50,65,45,35,35,30,4,Friday,False
2023-08-04 15:45:00,100,80,35,55,50,40,30,35,4,Friday,False
2023-08-04 16:00:00,90,75,45,55,50,50,30,20,4,Friday,False
2023-08-04 16:15:00,90,75,50,55,55,50,40,40,4,Friday,False
2023-08-04 16:30:00,90,75,55,55,45,35,40,20,4,Friday,False
2023-08-04 16:45:00,90,85,60,55,35,30,20,35,4,Friday,False
2023-08-04 17:00:00,90,85,60,55,35,25,25,35,4,Friday,False
2023-08-04 17:15:00,105,85,60,55,40,35,20,35,4,Friday,False
2023-08-04 17:30:00,120,85,50,60,50,40,30,35,4,Friday,False
2023-08-04 17:45:00,125,95,45,60,55,45,25,40,4,Friday,False
2023-08-04 18:00:00,125,110,45,60,50,45,25,35,4,Friday,False
2023-08-04 18:15:00,100,105,45,0,45,50,25,35,4,Friday,False
2023-08-04 18:30:00,90,105,60,0,55,45,25,35,4,Friday,False
2023-08-04 18:45:00,100,100,60,0,55,45,15,35,4,Friday,False
2023-08-04 19:00:00,95,95,60,0,60,50,15,15,4,Friday,False
2023-08-04 19:15:00,85,85,55,0,50,45,15,15,4,Friday,False
2023-08-04 19:30:00,80,70,50,0,35,40,25,20,4,Friday,False
2023-08-04 19:45:00,70,65,45,15,25,15,25,30,4,Friday,False
2023-08-04 20:00:00,65,45,45,25,10,15,25,30,4,Friday,False
2023-08-04 20:15:00,55,35,35,30,5,5,20,20,4,Friday,False
2023-08-04 20:30:00,0,30,30,30,5,10,20,20,4,Friday,False
2023-08-04 20:45:00,0,0,0,0,10,5,0,25,4,Friday,False
2023-08-05 09:00:00,130,140,50,55,5,5,0,20,5,Saturday,False
2023-08-05 09:15:00,140,140,60,60,10,5,0,15,5,Saturday,False
2023-08-05 09:30:00,140,140,65,65,40,25,0,15,5,Saturday,False
2023-08-05 09:45:00,140,130,65,55,45,40,0,20,5,Saturday,False
2023-08-05 10:00:00,120,90,60,50,40,40,15,20,5,Saturday,False
2023-08-05 10:15:00,90,75,75,55,40,25,25,20,5,Saturday,False
2023-08-05 10:30:00,80,70,40,50,40,25,25,20,5,Saturday,False
2023-08-05 10:45:00,80,70,35,55,35,25,25,30,5,Saturday,False
2023-08-05 11:00:00,90,70,40,55,30,35,25,30,5,Saturday,False
2023-08-05 11:15:00,80,70,40,55,30,35,15,20,5,Saturday,False
2023-08-05 11:30:00,75,50,30,45,30,35,30,30,5,Saturday,False
2023-08-05 11:45:00,75,55,35,40,40,35,15,20,5,Saturday,False
2023-08-05 12:00:00,75,55,40,40,30,35,20,20,5,Saturday,False
2023-08-05 12:15:00,85,65,40,40,30,25,20,20,5,Saturday,False
2023-08-05 12:30:00,80,60,40,40,30,15,25,20,5,Saturday,False
2023-08-05 12:45:00,75,75,40,40,20,20,20,15,5,Saturday,False
2023-08-05 13:00:00,70,75,35,45,20,20,20,30,5,Saturday,False
2023-08-05 13:15:00,70,75,35,45,20,25,25,20,5,Saturday,False
2023-08-05 13:30:00,80,60,25,40,30,25,20,15,5,Saturday,False
2023-08-05 13:45:00,75,75,30,35,30,30,25,30,5,Saturday,False
2023-08-05 14:00:00,80,75,30,35,30,30,25,20,5,Saturday,False
2023-08-05 14:15:00,80,70,30,35,25,25,15,20,5,Saturday,False
2023-08-05 14:30:00,70,65,35,35,20,25,15,25,5,Saturday,False
2023-08-05 14:45:00,70,65,35,45,15,20,20,25,5,Saturday,False
2023-08-05 15:00:00,60,70,40,35,20,20,20,20,5,Saturday,False
2023-08-05 15:15:00,80,75,30,30,30,25,25,15,5,Saturday,False
2023-08-05 15:30:00,95,80,25,30,30,30,25,30,5,Saturday,False
2023-08-05 15:45:00,95,80,30,40,35,25,15,35,5,Saturday,False
2023-08-05 16:00:00,85,75,30,50,35,25,15,15,5,Saturday,False
2023-08-05 16:15:00,80,75,30,50,35,25,15,20,5,Saturday,False
2023-08-05 16:30:00,70,60,30,25,35,25,20,20,5,Saturday,False
2023-08-05 16:45:00,65,50,20,20,35,20,25,30,5,Saturday,False
2023-08-05 17:00:00,75,70,35,25,35,20,25,30,5,Saturday,False
2023-08-05 17:15:00,95,65,25,35,30,20,15,30,5,Saturday,False
2023-08-05 17:30:00,100,50,20,35,30,20,15,30,5,Saturday,False
2023-08-05 17:45:00,90,60,20,25,30,25,15,20,5,Saturday,False
2023-08-05 18:00:00,75,55,20,20,30,15,15,15,5,Saturday,False
2023-08-05 18:15:00,75,55,20,20,30,10,25,20,5,Saturday,False
2023-08-05 18:30:00,70,70,30,20,20,15,25,35,5,Saturday,False
2023-08-05 18:45:00,80,60,30,25,20,15,20,15,5,Saturday,False
2023-08-05 19:00:00,80,50,25,0,20,15,20,15,5,Saturday,False
2023-08-05 19:15:00,70,45,25,0,25,20,20,15,5,Saturday,False
2023-08-05 19:30:00,75,40,30,0,25,20,20,15,5,Saturday,False
2023-08-05 19:45:00,75,40,20,0,15,10,20,15,5,Saturday,False
2023-08-05 20:00:00,75,35,20,0,5,5,20,15,5,Saturday,False
2023-08-05 20:15:00,40,30,15,0,5,5,20,15,5,Saturday,False
2023-08-05 20:30:00,40,30,15,5,5,5,20,15,5,Saturday,False
2023-08-05 20:45:00,0,0,15,25,5,5,0,20,5,Saturday,False
2023-08-06 09:00:00,5,100,30,40,5,5,0,15,6,Sunday,False
2023-08-06 09:15:00,125,100,45,40,5,5,0,20,6,Sunday,False
2023-08-06 09:30:00,120,90,45,55,20,10,0,20,6,Sunday,False
2023-08-06 09:45:00,110,90,45,60,25,25,0,20,6,Sunday,False
2023-08-06 10:00:00,100,100,65,55,50,30,5,30,6,Sunday,False
2023-08-06 10:15:00,95,85,40,50,60,35,20,30,6,Sunday,False
2023-08-06 10:30:00,85,70,30,50,45,40,20,25,6,Sunday,False
2023-08-06 10:45:00,75,75,30,45,45,40,25,35,6,Sunday,False
2023-08-06 11:00:00,70,55,35,45,40,35,15,15,6,Sunday,False
2023-08-06 11:15:00,70,40,35,45,40,35,15,20,6,Sunday,False
2023-08-06 11:30:00,75,40,25,45,25,30,15,20,6,Sunday,False
2023-08-06 11:45:00,70,55,25,40,20,20,20,20,6,Sunday,False
2023-08-06 12:00:00,70,60,25,35,30,20,25,20,6,Sunday,False
2023-08-06 12:15:00,70,55,35,30,30,20,25,30,6,Sunday,False
2023-08-06 12:30:00,80,55,45,40,30,25,15,30,6,Sunday,False
2023-08-06 12:45:00,70,55,30,35,30,25,15,15,6,Sunday,False
2023-08-06 13:00:00,70,55,25,35,35,25,15,15,6,Sunday,False
2023-08-06 13:15:00,65,55,25,35,35,20,20,20,6,Sunday,False
2023-08-06 13:30:00,75,45,25,35,30,15,20,20,6,Sunday,False
2023-08-06 13:45:00,80,45,30,35,30,25,25,35,6,Sunday,False
2023-08-06 14:00:00,75,50,30,40,30,20,25,20,6,Sunday,False
2023-08-06 14:15:00,75,55,25,35,20,20,20,30,6,Sunday,False
2023-08-06 14:30:00,75,60,25,30,25,20,20,30,6,Sunday,False
2023-08-06 14:45:00,80,60,20,35,25,15,20,15,6,Sunday,False
2023-08-06 15:00:00,80,70,25,35,30,25,20,30,6,Sunday,False
2023-08-06 15:15:00,80,60,35,35,30,40,20,30,6,Sunday,False
2023-08-06 15:30:00,85,65,35,45,35,25,30,15,6,Sunday,False
2023-08-06 15:45:00,85,65,35,45,35,20,20,20,6,Sunday,False
2023-08-06 16:00:00,85,65,35,0,40,5,20,20,6,Sunday,False
2023-08-06 16:15:00,70,60,35,0,55,15,25,20,6,Sunday,False
2023-08-06 16:30:00,70,60,30,0,40,35,25,20,6,Sunday,False
2023-08-06 16:45:00,85,60,30,0,20,40,20,30,6,Sunday,False
2023-08-06 17:00:00,95,65,30,0,40,35,25,15,6,Sunday,False
2023-08-06 17:15:00,90,70,35,10,40,30,15,30,6,Sunday,False
2023-08-06 17:30:00,85,70,35,40,35,25,15,20,6,Sunday,False
2023-08-06 17:45:00,80,60,25,45,35,25,20,20,6,Sunday,False
2023-08-06 18:00:00,70,45,15,40,30,25,20,20,6,Sunday,False
2023-08-06 18:15:00,60,40,15,40,25,25,25,20,6,Sunday,False
2023-08-06 18:30:00,60,55,35,35,20,25,15,20,6,Sunday,False
2023-08-06 18:45:00,80,55,30,40,20,25,15,20,6,Sunday,False
2023-08-06 19:00:00,85,55,20,40,25,25,20,15,6,Sunday,False
2023-08-06 19:15:00,70,50,15,40,25,20,25,15,6,Sunday,False
2023-08-06 19:30:00,45,45,25,25,15,10,25,20,6,Sunday,False
2023-08-06 19:45:00,40,45,20,20,5,10,25,20,6,Sunday,False
2023-08-06 20:00:00,40,35,15,20,5,5,15,15,6,Sunday,False
2023-08-06 20:15:00,40,30,15,10,5,5,15,20,6,Sunday,False
2023-08-06 20:30:00,35,30,15,10,5,5,15,20,6,Sunday,False
2023-08-06 20:45:00,0,0,20,25,10,5,0,15,6,Sunday,False
2023-08-07 09:00:00,0,0,0,0,0,0,0,0,0,Monday,False
2023-08-07 09:15:00,130,100,55,60,15,20,0,20,0,Monday,False
2023-08-07 09:30:00,150,95,65,60,45,40,0,15,0,Monday,False
2023-08-07 09:45:00,150,115,70,70,70,50,0,25,0,Monday,False
2023-08-07 10:00:00,140,120,70,85,70,60,5,35,0,Monday,False
2023-08-07 10:15:00,140,120,70,0,70,60,15,35,0,Monday,False
2023-08-07 10:30:00,120,120,75,0,75,60,20,45,0,Monday,False
2023-08-07 10:45:00,80,110,75,0,70,55,25,45,0,Monday,False
2023-08-07 11:00:00,85,100,85,0,70,60,50,50,0,Monday,False
2023-08-07 11:15:00,105,90,85,0,70,60,50,35,0,Monday,False
2023-08-07 11:30:00,105,60,75,0,65,60,15,30,0,Monday,False
2023-08-07 11:45:00,105,60,65,25,60,65,25,30,0,Monday,False
2023-08-07 12:00:00,110,60,65,70,60,55,25,30,0,Monday,False
2023-08-07 12:15:00,100,120,65,90,55,55,30,35,0,Monday,False
2023-08-07 12:30:00,90,120,65,85,55,45,35,35,0,Monday,False
2023-08-07 12:45:00,90,120,65,90,50,45,35,40,0,Monday,False
2023-08-07 13:00:00,100,110,65,100,65,45,35,30,0,Monday,False
2023-08-07 13:15:00,105,90,70,100,65,40,40,30,0,Monday,False
2023-08-07 13:30:00,110,75,70,95,0,45,30,35,0,Monday,False
2023-08-07 13:45:00,95,85,70,95,0,65,30,35,0,Monday,False
2023-08-07 14:00:00,95,85,70,90,0,70,30,35,0,Monday,False
2023-08-07 14:15:00,85,85,80,90,0,80,30,35,0,Monday,False
2023-08-07 14:30:00,100,115,80,110,0,80,35,30,0,Monday,False
2023-08-07 14:45:00,130,100,70,110,0,80,40,45,0,Monday,False
2023-08-07 15:00:00,120,100,70,90,0,80,45,45,0,Monday,False
2023-08-07 15:15:00,100,80,70,95,20,65,45,45,0,Monday,False
2023-08-07 15:30:00,100,80,70,90,90,50,35,30,0,Monday,False
2023-08-07 15:45:00,95,70,70,90,110,50,35,35,0,Monday,False
2023-08-07 16:00:00,95,100,65,90,110,45,35,35,0,Monday,False
2023-08-07 16:15:00,100,100,60,85,90,50,30,35,0,Monday,False
2023-08-07 16:30:00,100,100,60,80,100,55,35,30,0,Monday,False
2023-08-07 16:45:00,100,95,60,80,100,60,35,20,0,Monday,False
2023-08-07 17:00:00,110,85,65,85,100,55,35,30,0,Monday,False
2023-08-07 17:15:00,110,90,70,85,100,50,35,30,0,Monday,False
2023-08-07 17:30:00,120,105,75,85,100,45,15,40,0,Monday,False
2023-08-07 17:45:00,120,110,75,85,80,55,20,30,0,Monday,False
2023-08-07 18:00:00,130,100,70,85,90,60,25,30,0,Monday,False
2023-08-07 18:15:00,130,85,75,80,90,60,30,30,0,Monday,False
2023-08-07 18:30:00,105,90,70,95,80,55,25,30,0,Monday,False
2023-08-07 18:45:00,105,90,65,75,70,50,15,35,0,Monday,False
2023-08-07 19:00:00,100,80,65,65,50,50,20,20,0,Monday,False
2023-08-07 19:15:00,100,70,50,65,50,45,25,20,0,Monday,False
2023-08-07 19:30:00,85,60,60,65,50,35,25,15,0,Monday,False
2023-08-07 19:45:00,75,50,45,55,55,30,15,15,0,Monday,False
2023-08-07 20:00:00,70,50,40,40,55,20,15,20,0,Monday,False
2023-08-07 20:15:00,0,40,40,35,50,20,20,20,0,Monday,False
2023-08-07 20:30:00,0,40,40,40,40,10,25,15,0,Monday,False
2023-08-07 20:45:00,0,0,0,0,0,0,0,20,0,Monday,False
2023-08-08 09:00:00,130,120,55,70,5,5,0,15,1,Tuesday,False
2023-08-08 09:15:00,140,120,70,70,10,15,0,20,1,Tuesday,False
2023-08-08 09:30:00,140,130,70,65,45,40,0,20,1,Tuesday,False
2023-08-08 09:45:00,140,130,70,70,75,40,0,35,1,Tuesday,False
2023-08-08 10:00:00,125,120,70,75,85,55,15,40,1,Tuesday,False
2023-08-08 10:15:00,110,115,70,80,75,60,20,50,1,Tuesday,False
2023-08-08 10:30:00,95,85,60,90,70,55,20,50,1,Tuesday,False
2023-08-08 10:45:00,95,85,60,80,70,50,20,35,1,Tuesday,False
2023-08-08 11:00:00,110,80,60,80,55,50,30,30,1,Tuesday,False
2023-08-08 11:15:00,100,90,70,90,50,50,45,35,1,Tuesday,False
2023-08-08 11:30:00,100,90,70,90,50,45,30,50,1,Tuesday,False
2023-08-08 11:45:00,95,100,70,80,60,55,35,30,1,Tuesday,False
2023-08-08 12:00:00,95,100,70,75,75,45,35,30,1,Tuesday,False
2023-08-08 12:15:00,95,90,70,75,75,45,40,35,1,Tuesday,False
2023-08-08 12:30:00,100,90,65,80,65,60,50,35,1,Tuesday,False
2023-08-08 12:45:00,100,75,70,80,75,60,45,45,1,Tuesday,False
2023-08-08 13:00:00,100,80,70,75,75,60,50,45,1,Tuesday,False
2023-08-08 13:15:00,110,90,65,75,75,55,35,35,1,Tuesday,False
2023-08-08 13:30:00,110,95,65,75,75,55,25,35,1,Tuesday,False
2023-08-08 13:45:00,110,85,65,80,75,55,35,35,1,Tuesday,False
2023-08-08 14:00:00,90,95,60,85,75,50,35,35,1,Tuesday,False
2023-08-08 14:15:00,85,100,60,90,65,50,30,35,1,Tuesday,False
2023-08-08 14:30:00,100,100,60,80,65,55,25,35,1,Tuesday,False
2023-08-08 14:45:00,100,100,70,80,60,55,20,40,1,Tuesday,False
2023-08-08 15:00:00,100,95,70,80,65,50,40,40,1,Tuesday,False
2023-08-08 15:15:00,105,85,70,80,70,50,40,30,1,Tuesday,False
2023-08-08 15:30:00,105,90,60,70,70,55,40,45,1,Tuesday,False
2023-08-08 15:45:00,105,90,55,60,75,50,40,35,1,Tuesday,False
2023-08-08 16:00:00,105,90,50,70,75,50,40,35,1,Tuesday,False
2023-08-08 16:15:00,105,95,50,75,75,50,20,35,1,Tuesday,False
2023-08-08 16:30:00,95,90,70,60,65,50,25,35,1,Tuesday,False
2023-08-08 16:45:00,120,85,70,65,55,55,25,30,1,Tuesday,False
2023-08-08 17:00:00,120,90,70,65,45,50,35,40,1,Tuesday,False
2023-08-08 17:15:00,120,95,70,75,40,50,35,35,1,Tuesday,False
2023-08-08 17:30:00,115,95,70,95,55,45,15,45,1,Tuesday,False
2023-08-08 17:45:00,115,110,60,105,60,45,15,35,1,Tuesday,False
2023-08-08 18:00:00,105,110,60,85,60,50,35,20,1,Tuesday,False
2023-08-08 18:15:00,80,95,60,70,60,40,25,35,1,Tuesday,False
2023-08-08 18:30:00,105,90,65,70,60,45,25,40,1,Tuesday,False
2023-08-08 18:45:00,105,90,65,70,50,50,30,45,1,Tuesday,False
2023-08-08 19:00:00,100,80,55,55,50,45,15,30,1,Tuesday,False
2023-08-08 19:15:00,95,80,65,45,45,40,15,20,1,Tuesday,False
2023-08-08 19:30:00,85,60,50,45,40,30,20,15,1,Tuesday,False
2023-08-08 19:45:00,80,45,50,55,35,30,15,15,1,Tuesday,False
2023-08-08 20:00:00,0,45,45,45,25,20,25,15,1,Tuesday,False
2023-08-08 20:15:00,0,45,40,35,20,15,15,20,1,Tuesday,False
2023-08-08 20:30:00,0,0,40,30,5,20,15,15,1,Tuesday,False
2023-08-08 20:45:00,0,0,0,0,0,0,0,15,1,Tuesday,False
2023-08-09 09:00:00,150,110,50,65,10,15,0,15,2,Wednesday,False
2023-08-09 09:15:00,150,110,65,70,10,15,0,20,2,Wednesday,False
2023-08-09 09:30:00,170,140,75,75,35,25,0,25,2,Wednesday,False
2023-08-09 09:45:00,170,155,85,75,55,35,0,50,2,Wednesday,False
2023-08-09 10:00:00,130,140,75,75,65,70,5,50,2,Wednesday,False
2023-08-09 10:15:00,120,130,75,85,70,80,20,45,2,Wednesday,False
2023-08-09 10:30:00,110,130,70,85,80,70,20,45,2,Wednesday,False
2023-08-09 10:45:00,110,130,75,90,75,60,20,30,2,Wednesday,False
2023-08-09 11:00:00,90,130,70,90,75,50,40,30,2,Wednesday,False
2023-08-09 11:15:00,90,130,70,90,75,40,45,45,2,Wednesday,False
2023-08-09 11:30:00,110,90,65,90,60,45,30,30,2,Wednesday,False
2023-08-09 11:45:00,110,80,65,90,60,45,35,30,2,Wednesday,False
2023-08-09 12:00:00,95,70,55,85,55,45,40,35,2,Wednesday,False
2023-08-09 12:15:00,95,70,55,80,55,50,25,35,2,Wednesday,False
2023-08-09 12:30:00,90,70,60,75,45,40,25,45,2,Wednesday,False
2023-08-09 12:45:00,90,85,65,65,50,40,30,30,2,Wednesday,False
2023-08-09 13:00:00,95,95,60,75,50,40,20,30,2,Wednesday,False
2023-08-09 13:15:00,100,95,60,90,55,40,35,30,2,Wednesday,False
2023-08-09 13:30:00,110,95,55,85,60,45,40,35,2,Wednesday,False
2023-08-09 13:45:00,110,100,70,85,60,50,25,35,2,Wednesday,False
2023-08-09 14:00:00,100,100,70,85,70,50,25,35,2,Wednesday,False
2023-08-09 14:15:00,100,100,60,85,75,50,25,35,2,Wednesday,False
2023-08-09 14:30:00,110,90,60,85,75,50,40,45,2,Wednesday,False
2023-08-09 14:45:00,100,90,60,90,70,45,30,30,2,Wednesday,False
2023-08-09 15:00:00,85,95,60,80,70,50,30,45,2,Wednesday,False
2023-08-09 15:15:00,85,95,65,90,65,50,30,35,2,Wednesday,False
2023-08-09 15:30:00,95,90,65,100,60,45,35,35,2,Wednesday,False
2023-08-09 15:45:00,105,90,65,100,60,40,35,35,2,Wednesday,False
2023-08-09 16:00:00,120,90,60,100,65,40,35,30,2,Wednesday,False
2023-08-09 16:15:00,120,90,55,100,60,40,35,30,2,Wednesday,False
2023-08-09 16:30:00,90,90,55,100,60,50,25,30,2,Wednesday,False
2023-08-09 16:45:00,85,80,50,70,60,55,20,30,2,Wednesday,False
2023-08-09 17:00:00,110,85,65,75,60,45,25,35,2,Wednesday,False
2023-08-09 17:15:00,115,90,65,80,60,45,30,45,2,Wednesday,False
2023-08-09 17:30:00,120,110,70,75,40,50,30,35,2,Wednesday,False
2023-08-09 17:45:00,130,110,65,80,65,50,25,35,2,Wednesday,False
2023-08-09 18:00:00,130,100,50,70,65,45,20,35,2,Wednesday,False
2023-08-09 18:15:00,120,195,65,65,65,40,20,30,2,Wednesday,False
2023-08-09 18:30:00,120,90,60,60,55,40,25,40,2,Wednesday,False
2023-08-09 18:45:00,100,90,50,55,50,50,25,30,2,Wednesday,False
2023-08-09 19:00:00,100,80,45,50,45,50,15,60,2,Wednesday,False
2023-08-09 19:15:00,80,70,55,55,40,40,20,35,2,Wednesday,False
2023-08-09 19:30:00,70,55,50,45,40,30,25,20,2,Wednesday,False
2023-08-09 19:45:00,75,55,45,35,30,30,25,15,2,Wednesday,False
2023-08-09 20:00:00,80,45,35,35,25,35,15,15,2,Wednesday,False
2023-08-09 20:15:00,0,40,35,30,10,15,15,15,2,Wednesday,False
2023-08-09 20:30:00,0,0,35,30,10,10,15,15,2,Wednesday,False
2023-08-09 20:45:00,0,0,0,0,0,15,0,20,2,Wednesday,False
2023-08-10 09:00:00,135,100,35,45,10,10,0,15,3,Thursday,False
2023-08-10 09:15:00,150,110,50,70,10,15,0,15,3,Thursday,False
2023-08-10 09:30:00,160,115,70,80,55,30,0,20,3,Thursday,False
2023-08-10 09:45:00,160,120,75,80,75,50,0,20,3,Thursday,False
2023-08-10 10:00:00,150,130,80,80,75,55,5,50,3,Thursday,False
2023-08-10 10:15:00,150,130,80,85,70,60,30,50,3,Thursday,False
2023-08-10 10:30:00,150,130,90,95,70,60,20,45,3,Thursday,False
2023-08-10 10:45:00,140,115,90,100,70,55,35,60,3,Thursday,False
2023-08-10 11:00:00,140,115,90,110,75,55,45,60,3,Thursday,False
2023-08-10 11:15:00,140,115,85,115,90,60,45,40,3,Thursday,False
2023-08-10 11:30:00,110,110,85,115,95,60,55,40,3,Thursday,False
2023-08-10 11:45:00,110,110,75,120,100,60,40,40,3,Thursday,False
2023-08-10 12:00:00,120,90,75,130,110,65,40,40,3,Thursday,False
2023-08-10 12:15:00,110,100,80,120,115,75,40,50,3,Thursday,False
2023-08-10 12:30:00,120,110,80,120,115,75,30,45,3,Thursday,False
2023-08-10 12:45:00,120,120,80,120,115,80,40,35,3,Thursday,False
2023-08-10 13:00:00,120,125,90,120,115,75,45,45,3,Thursday,False
2023-08-10 13:15:00,130,115,90,120,105,75,45,50,3,Thursday,False
2023-08-10 13:30:00,130,105,95,115,80,75,50,35,3,Thursday,False
2023-08-10 13:45:00,140,95,110,105,80,75,35,55,3,Thursday,False
2023-08-10 14:00:00,140,95,90,95,85,70,50,40,3,Thursday,False
2023-08-10 14:15:00,130,120,90,95,85,70,45,40,3,Thursday,False
2023-08-10 14:30:00,130,125,70,115,85,65,35,20,3,Thursday,False
2023-08-10 14:45:00,120,130,75,120,100,65,35,50,3,Thursday,False
2023-08-10 15:00:00,110,130,75,120,110,70,40,50,3,Thursday,False
2023-08-10 15:15:00,115,100,90,120,110,70,50,35,3,Thursday,False
2023-08-10 15:30:00,130,100,90,125,110,60,50,40,3,Thursday,False
2023-08-10 15:45:00,135,115,105,120,110,55,50,40,3,Thursday,False
2023-08-10 16:00:00,130,115,105,120,120,0,50,50,3,Thursday,False
2023-08-10 16:15:00,135,105,95,110,120,0,40,50,3,Thursday,False
2023-08-10 16:30:00,125,115,95,100,110,0,40,50,3,Thursday,False
2023-08-10 16:45:00,130,115,95,100,110,0,25,50,3,Thursday,False
2023-08-10 17:00:00,150,120,80,95,110,0,30,50,3,Thursday,False
2023-08-10 17:15:00,170,120,90,110,110,0,35,50,3,Thursday,False
2023-08-10 17:30:00,150,125,110,125,120,0,50,35,3,Thursday,False
2023-08-10 17:45:00,150,125,110,130,120,0,35,35,3,Thursday,False
2023-08-10 18:00:00,150,125,110,120,120,50,40,35,3,Thursday,False
2023-08-10 18:15:00,130,125,100,110,110,50,45,50,3,Thursday,False
2023-08-10 18:30:00,120,115,100,100,100,85,45,40,3,Thursday,False
2023-08-10 18:45:00,115,115,100,85,95,110,30,35,3,Thursday,False
2023-08-10 19:00:00,115,100,80,70,95,80,40,35,3,Thursday,False
2023-08-10 19:15:00,100,80,80,80,85,60,40,40,3,Thursday,False
2023-08-10 19:30:00,95,80,75,75,80,50,20,30,3,Thursday,False
2023-08-10 19:45:00,0,65,70,70,60,45,25,20,3,Thursday,False
2023-08-10 20:00:00,0,55,70,70,55,45,15,20,3,Thursday,False
2023-08-10 20:15:00,0,55,70,70,45,45,15,20,3,Thursday,False
2023-08-10 20:30:00,0,0,0,0,40,45,15,20,3,Thursday,False
2023-08-10 20:45:00,0,0,0,0,0,0,0,20,3,Thursday,False
2023-08-11 09:00:00,135,140,40,65,10,10,0,5,4,Friday,True
2023-08-11 09:15:00,140,150,55,70,10,10,0,20,4,Friday,True
2023-08-11 09:30:00,160,145,80,75,45,25,0,20,4,Friday,True
2023-08-11 09:45:00,160,140,80,80,75,45,0,20,4,Friday,True
2023-08-11 10:00:00,155,140,80,85,70,60,5,50,4,Friday,True
2023-08-11 10:15:00,155,140,65,100,65,70,35,50,4,Friday,True
2023-08-11 10:30:00,150,130,60,105,65,70,35,50,4,Friday,True
2023-08-11 10:45:00,150,120,70,90,65,55,25,50,4,Friday,True
2023-08-11 11:00:00,150,100,70,80,65,50,35,30,4,Friday,True
2023-08-11 11:15:00,130,90,70,75,65,45,30,50,4,Friday,True
2023-08-11 11:30:00,110,90,70,85,60,45,30,30,4,Friday,True
2023-08-11 11:45:00,110,90,75,90,65,45,35,40,4,Friday,True
2023-08-11 12:00:00,105,85,65,80,70,45,35,40,4,Friday,True
2023-08-11 12:15:00,105,95,55,90,70,45,40,50,4,Friday,True
2023-08-11 12:30:00,100,110,50,105,65,45,30,50,4,Friday,True
2023-08-11 12:45:00,100,100,50,95,70,45,30,35,4,Friday,True
2023-08-11 13:00:00,110,105,45,95,80,70,50,35,4,Friday,True
2023-08-11 13:15:00,110,105,50,80,90,50,55,50,4,Friday,True
2023-08-11 13:30:00,115,105,75,70,85,50,35,50,4,Friday,True
2023-08-11 13:45:00,115,105,70,90,85,55,25,55,4,Friday,True
2023-08-11 14:00:00,120,110,70,90,85,55,30,55,4,Friday,True
2023-08-11 14:15:00,110,110,60,80,100,50,30,50,4,Friday,True
2023-08-11 14:30:00,110,100,60,80,105,50,30,45,4,Friday,True
2023-08-11 14:45:00,95,100,65,80,100,50,40,35,4,Friday,True
2023-08-11 15:00:00,105,100,60,80,95,50,40,55,4,Friday,True
2023-08-11 15:15:00,105,95,65,85,90,50,25,40,4,Friday,True
2023-08-11 15:30:00,120,105,75,100,85,45,35,40,4,Friday,True
2023-08-11 15:45:00,120,110,80,100,80,55,35,40,4,Friday,True
2023-08-11 16:00:00,120,110,95,100,80,55,30,40,4,Friday,True
2023-08-11 16:15:00,120,105,95,85,85,55,35,35,4,Friday,True
2023-08-11 16:30:00,120,100,85,75,95,55,40,25,4,Friday,True
2023-08-11 16:45:00,115,100,75,80,95,55,25,45,4,Friday,True
2023-08-11 17:00:00,115,100,80,75,95,55,35,50,4,Friday,True
2023-08-11 17:15:00,115,85,65,80,75,50,40,55,4,Friday,True
2023-08-11 17:30:00,95,80,60,85,75,40,40,55,4,Friday,True
2023-08-11 17:45:00,120,90,60,85,75,50,35,40,4,Friday,True
2023-08-11 18:00:00,130,110,70,70,75,50,25,35,4,Friday,True
2023-08-11 18:15:00,120,100,75,60,75,50,35,15,4,Friday,True
2023-08-11 18:30:00,115,100,65,55,70,50,25,35,4,Friday,True
2023-08-11 18:45:00,110,100,60,65,70,45,15,35,4,Friday,True
2023-08-11 19:00:00,105,85,60,65,60,45,30,35,4,Friday,True
2023-08-11 19:15:00,95,80,45,50,40,45,20,15,4,Friday,True
2023-08-11 19:30:00,80,75,45,45,40,40,20,15,4,Friday,True
2023-08-11 19:45:00,75,65,45,45,40,40,25,15,4,Friday,True
2023-08-11 20:00:00,65,60,30,40,40,10,15,15,4,Friday,True
2023-08-11 20:15:00,55,50,25,40,25,5,15,15,4,Friday,True
2023-08-11 20:30:00,0,45,35,35,5,10,15,15,4,Friday,True
2023-08-11 20:45:00,0,0,0,35,10,15,0,20,4,Friday,True
2023-08-12 09:00:00,140,130,60,60,10,5,0,5,5,Saturday,False
2023-08-12 09:15:00,160,150,70,70,10,10,0,15,5,Saturday,False
2023-08-12 09:30:00,165,150,75,90,40,35,0,20,5,Saturday,False
2023-08-12 09:45:00,160,150,80,110,80,45,0,35,5,Saturday,False
2023-08-12 10:00:00,160,160,90,110,100,50,5,35,5,Saturday,False
2023-08-12 10:15:00,150,160,110,130,100,55,15,45,5,Saturday,False
2023-08-12 10:30:00,150,130,110,130,85,60,20,70,5,Saturday,False
2023-08-12 10:45:00,145,120,110,110,75,60,25,45,5,Saturday,False
2023-08-12 11:00:00,145,120,110,110,60,60,35,45,5,Saturday,False
2023-08-12 11:15:00,100,90,80,100,60,55,35,35,5,Saturday,False
2023-08-12 11:30:00,100,80,70,90,60,60,30,35,5,Saturday,False
2023-08-12 11:45:00,105,70,65,75,65,60,35,35,5,Saturday,False
2023-08-12 12:00:00,110,80,60,80,65,45,35,45,5,Saturday,False
2023-08-12 12:15:00,110,100,60,100,55,35,30,30,5,Saturday,False
2023-08-12 12:30:00,110,110,65,100,55,35,25,30,5,Saturday,False
2023-08-12 12:45:00,110,110,85,100,55,50,20,30,5,Saturday,False
2023-08-12 13:00:00,110,110,70,95,55,50,20,45,5,Saturday,False
2023-08-12 13:15:00,100,85,60,80,60,55,20,35,5,Saturday,False
2023-08-12 13:30:00,100,90,70,85,60,50,40,50,5,Saturday,False
2023-08-12 13:45:00,105,90,75,95,55,50,40,45,5,Saturday,False
2023-08-12 14:00:00,110,95,75,90,55,45,45,30,5,Saturday,False
2023-08-12 14:15:00,95,100,75,85,65,40,30,45,5,Saturday,False
2023-08-12 14:30:00,95,110,75,85,60,40,30,30,5,Saturday,False
2023-08-12 14:45:00,105,90,70,75,60,40,25,35,5,Saturday,False
2023-08-12 15:00:00,95,110,60,65,60,50,30,45,5,Saturday,False
2023-08-12 15:15:00,100,120,60,70,50,50,30,55,5,Saturday,False
2023-08-12 15:30:00,115,110,50,75,50,50,25,35,5,Saturday,False
2023-08-12 15:45:00,115,110,50,80,55,50,35,50,5,Saturday,False
2023-08-12 16:00:00,125,100,65,80,60,45,30,50,5,Saturday,False
2023-08-12 16:15:00,125,100,65,85,65,45,35,50,5,Saturday,False
2023-08-12 16:30:00,125,90,65,85,65,50,35,45,5,Saturday,False
2023-08-12 16:45:00,110,90,65,85,65,50,25,40,5,Saturday,False
2023-08-12 17:00:00,110,90,60,70,65,40,30,20,5,Saturday,False
2023-08-12 17:15:00,110,110,65,75,55,50,30,35,5,Saturday,False
2023-08-12 17:30:00,110,110,65,75,55,55,30,50,5,Saturday,False
2023-08-12 17:45:00,110,95,60,75,65,50,20,35,5,Saturday,False
2023-08-12 18:00:00,120,95,65,75,60,50,20,35,5,Saturday,False
2023-08-12 18:15:00,120,95,60,75,50,40,30,40,5,Saturday,False
2023-08-12 18:30:00,120,90,60,75,50,40,25,40,5,Saturday,False
2023-08-12 18:45:00,110,90,50,60,50,40,20,40,5,Saturday,False
2023-08-12 19:00:00,110,90,50,60,55,55,15,20,5,Saturday,False
2023-08-12 19:15:00,100,90,50,60,45,50,20,15,5,Saturday,False
2023-08-12 19:30:00,100,70,50,45,55,30,20,25,5,Saturday,False
2023-08-12 19:45:00,80,70,50,35,50,20,25,15,5,Saturday,False
2023-08-12 20:00:00,80,55,55,35,40,10,15,15,5,Saturday,False
2023-08-12 20:15:00,70,50,35,35,5,15,15,15,5,Saturday,False
2023-08-12 20:30:00,0,0,30,30,10,15,15,15,5,Saturday,False
2023-08-12 20:45:00,0,0,0,20,0,15,0,15,5,Saturday,False
2023-08-13 09:00:00,140,80,45,60,5,10,0,15,6,Sunday,False
2023-08-13 09:15:00,140,140,60,65,5,15,0,20,6,Sunday,False
2023-08-13 09:30:00,150,130,75,75,25,35,0,30,6,Sunday,False
2023-08-13 09:45:00,120,130,70,85,65,45,0,35,6,Sunday,False
2023-08-13 10:00:00,100,120,70,80,80,55,25,35,6,Sunday,False
2023-08-13 10:15:00,90,130,60,75,90,50,15,45,6,Sunday,False
2023-08-13 10:30:00,95,150,50,70,90,45,20,35,6,Sunday,False
2023-08-13 10:45:00,95,95,50,70,80,40,25,30,6,Sunday,False
2023-08-13 11:00:00,100,75,50,70,60,40,25,35,6,Sunday,False
2023-08-13 11:15:00,90,75,50,70,50,50,30,60,6,Sunday,False
2023-08-13 11:30:00,90,70,65,50,50,50,30,40,6,Sunday,False
2023-08-13 11:45:00,90,75,70,60,40,50,25,40,6,Sunday,False
2023-08-13 12:00:00,90,75,50,65,45,40,25,35,6,Sunday,False
2023-08-13 12:15:00,90,95,50,65,45,25,30,35,6,Sunday,False
2023-08-13 12:30:00,90,85,45,65,55,40,25,35,6,Sunday,False
2023-08-13 12:45:00,90,80,45,60,55,45,30,35,6,Sunday,False
2023-08-13 13:00:00,90,75,45,70,50,35,30,35,6,Sunday,False
2023-08-13 13:15:00,90,75,50,60,40,35,35,20,6,Sunday,False
2023-08-13 13:30:00,90,70,55,55,45,40,30,20,6,Sunday,False
2023-08-13 13:45:00,90,70,55,45,50,40,25,30,6,Sunday,False
2023-08-13 14:00:00,90,85,55,65,60,40,25,50,6,Sunday,False
2023-08-13 14:15:00,90,95,55,65,60,35,30,35,6,Sunday,False
2023-08-13 14:30:00,70,110,45,70,60,40,30,35,6,Sunday,False
2023-08-13 14:45:00,70,110,45,70,50,30,30,20,6,Sunday,False
2023-08-13 15:00:00,95,110,55,65,50,35,40,35,6,Sunday,False
2023-08-13 15:15:00,120,100,55,75,50,35,40,40,6,Sunday,False
2023-08-13 15:30:00,120,100,55,70,55,45,20,50,6,Sunday,False
2023-08-13 15:45:00,110,95,45,60,60,40,30,50,6,Sunday,False
2023-08-13 16:00:00,110,90,50,60,70,35,30,50,6,Sunday,False
2023-08-13 16:15:00,100,90,55,60,55,30,35,35,6,Sunday,False
2023-08-13 16:30:00,100,85,50,65,55,30,35,35,6,Sunday,False
2023-08-13 16:45:00,80,80,45,65,50,35,25,20,6,Sunday,False
2023-08-13 17:00:00,90,95,40,65,45,45,20,20,6,Sunday,False
2023-08-13 17:15:00,110,105,40,65,30,45,30,40,6,Sunday,False
2023-08-13 17:30:00,115,100,50,70,50,35,30,35,6,Sunday,False
2023-08-13 17:45:00,100,95,40,65,50,30,20,20,6,Sunday,False
2023-08-13 18:00:00,100,80,35,45,60,35,20,20,6,Sunday,False
2023-08-13 18:15:00,100,85,55,45,55,35,25,35,6,Sunday,False
2023-08-13 18:30:00,100,110,55,65,50,45,25,50,6,Sunday,False
2023-08-13 18:45:00,80,85,50,65,45,40,15,15,6,Sunday,False
2023-08-13 19:00:00,90,80,35,55,35,30,15,30,6,Sunday,False
2023-08-13 19:15:00,80,70,35,45,30,20,20,15,6,Sunday,False
2023-08-13 19:30:00,75,60,40,25,30,25,25,15,6,Sunday,False
2023-08-13 19:45:00,80,55,30,20,30,15,25,20,6,Sunday,False
2023-08-13 20:00:00,0,55,30,30,30,5,15,20,6,Sunday,False
2023-08-13 20:15:00,0,45,20,30,15,5,15,20,6,Sunday,False
2023-08-13 20:30:00,0,30,20,20,5,5,15,20,6,Sunday,False
2023-08-13 20:45:00,0,0,25,25,10,5,0,30,6,Sunday,False
2023-08-14 09:00:00,115,125,45,80,10,5,0,15,0,Monday,False
2023-08-14 09:15:00,130,130,55,80,15,15,0,20,0,Monday,False
2023-08-14 09:30:00,130,140,80,80,30,35,0,30,0,Monday,False
2023-08-14 09:45:00,150,170,80,90,80,35,0,35,0,Monday,False
2023-08-14 10:00:00,150,160,80,90,90,65,5,35,0,Monday,False
2023-08-14 10:15:00,150,160,80,100,90,70,15,35,0,Monday,False
2023-08-14 10:30:00,140,140,90,100,90,60,25,45,0,Monday,False
2023-08-14 10:45:00,140,120,90,100,90,45,15,50,0,Monday,False
2023-08-14 11:00:00,110,90,90,110,80,40,25,30,0,Monday,False
2023-08-14 11:15:00,100,90,80,110,70,45,35,30,0,Monday,False
2023-08-14 11:30:00,90,90,80,110,60,45,45,35,0,Monday,False
2023-08-14 11:45:00,85,80,60,110,50,45,35,30,0,Monday,False
2023-08-14 12:00:00,95,80,60,100,50,50,25,20,0,Monday,False
2023-08-14 12:15:00,100,100,60,110,50,55,35,20,0,Monday,False
2023-08-14 12:30:00,100,100,65,100,70,55,40,30,0,Monday,False
2023-08-14 12:45:00,100,100,65,90,70,55,25,40,0,Monday,False
2023-08-14 13:00:00,120,85,75,85,60,50,30,30,0,Monday,False
2023-08-14 13:15:00,115,75,80,85,55,50,45,35,0,Monday,False
2023-08-14 13:30:00,115,75,80,85,60,50,35,35,0,Monday,False
2023-08-14 13:45:00,105,90,90,85,70,50,40,40,0,Monday,False
2023-08-14 14:00:00,105,120,90,110,80,55,25,35,0,Monday,False
2023-08-14 14:15:00,95,120,70,90,80,55,30,20,0,Monday,False
2023-08-14 14:30:00,105,100,65,90,80,60,35,20,0,Monday,False
2023-08-14 14:45:00,105,100,65,90,80,60,35,35,0,Monday,False
2023-08-14 15:00:00,95,80,75,90,80,60,40,50,0,Monday,False
2023-08-14 15:15:00,95,80,75,0,80,60,25,50,0,Monday,False
2023-08-14 15:30:00,110,80,60,0,80,65,30,20,0,Monday,False
2023-08-14 15:45:00,120,90,60,0,80,70,35,40,0,Monday,False
2023-08-14 16:00:00,110,95,60,0,85,70,40,40,0,Monday,False
2023-08-14 16:15:00,110,95,65,0,85,70,35,50,0,Monday,False
2023-08-14 16:30:00,105,90,65,0,85,70,20,45,0,Monday,False
2023-08-14 16:45:00,100,80,75,0,50,50,25,35,0,Monday,False
2023-08-14 17:00:00,100,80,75,60,45,50,25,35,0,Monday,False
2023-08-14 17:15:00,120,90,75,110,40,50,25,45,0,Monday,False
2023-08-14 17:30:00,120,110,80,100,70,50,25,40,0,Monday,False
2023-08-14 17:45:00,130,110,80,100,75,50,20,35,0,Monday,False
2023-08-14 18:00:00,120,110,80,100,70,50,25,20,0,Monday,False
2023-08-14 18:15:00,100,95,65,80,65,50,30,35,0,Monday,False
2023-08-14 18:30:00,100,90,65,90,55,55,25,45,0,Monday,False
2023-08-14 18:45:00,100,90,65,90,55,50,25,35,0,Monday,False
2023-08-14 19:00:00,110,80,60,80,55,50,15,35,0,Monday,False
2023-08-14 19:15:00,90,70,55,70,50,40,15,20,0,Monday,False
2023-08-14 19:30:00,75,60,50,65,45,40,20,20,0,Monday,False
2023-08-14 19:45:00,75,60,50,60,40,30,20,20,0,Monday,False
2023-08-14 20:00:00,65,45,40,50,25,25,25,20,0,Monday,False
2023-08-14 20:15:00,0,40,40,45,20,20,25,15,0,Monday,False
2023-08-14 20:30:00,0,0,30,45,15,10,25,20,0,Monday,False
2023-08-14 20:45:00,0,0,0,0,20,0,0,25,0,Monday,False
2023-08-15 09:00:00,130,130,50,60,5,5,0,5,1,Tuesday,False
2023-08-15 09:15:00,150,150,60,65,5,10,0,20,1,Tuesday,False
2023-08-15 09:30:00,160,140,70,80,20,20,0,25,1,Tuesday,False
2023-08-15 09:45:00,170,140,70,75,50,35,0,20,1,Tuesday,False
2023-08-15 10:00:00,160,130,65,70,75,55,15,20,1,Tuesday,False
2023-08-15 10:15:00,130,120,65,70,75,60,20,30,1,Tuesday,False
2023-08-15 10:30:00,120,120,65,70,65,60,20,30,1,Tuesday,False
2023-08-15 10:45:00,110,100,60,80,60,50,20,30,1,Tuesday,False
2023-08-15 11:00:00,90,80,65,70,45,40,25,30,1,Tuesday,False
2023-08-15 11:15:00,100,80,65,65,45,30,30,30,1,Tuesday,False
2023-08-15 11:30:00,100,75,55,65,45,40,30,35,1,Tuesday,False
2023-08-15 11:45:00,90,75,55,70,45,45,30,15,1,Tuesday,False
2023-08-15 12:00:00,95,65,55,65,55,35,25,35,1,Tuesday,False
2023-08-15 12:15:00,95,65,50,70,55,30,25,35,1,Tuesday,False
2023-08-15 12:30:00,100,85,45,60,50,50,25,35,1,Tuesday,False
2023-08-15 12:45:00,100,85,45,70,40,45,35,35,1,Tuesday,False
2023-08-15 13:00:00,80,95,50,70,35,40,30,20,1,Tuesday,False
2023-08-15 13:15:00,80,95,50,75,35,45,35,30,1,Tuesday,False
2023-08-15 13:30:00,85,85,55,70,60,30,20,30,1,Tuesday,False
2023-08-15 13:45:00,100,85,55,70,75,30,25,35,1,Tuesday,False
2023-08-15 14:00:00,100,85,65,60,70,40,25,20,1,Tuesday,False
2023-08-15 14:15:00,100,65,65,65,65,45,30,20,1,Tuesday,False
2023-08-15 14:30:00,90,80,50,65,60,45,35,20,1,Tuesday,False
2023-08-15 14:45:00,85,85,50,65,55,45,25,35,1,Tuesday,False
2023-08-15 15:00:00,80,85,50,60,25,40,20,30,1,Tuesday,False
2023-08-15 15:15:00,80,65,60,60,40,45,30,30,1,Tuesday,False
2023-08-15 15:30:00,90,70,50,60,55,45,20,30,1,Tuesday,False
2023-08-15 15:45:00,80,70,50,60,65,45,30,35,1,Tuesday,False
2023-08-15 16:00:00,85,75,50,65,55,45,15,20,1,Tuesday,False
2023-08-15 16:15:00,80,75,50,55,50,35,20,20,1,Tuesday,False
2023-08-15 16:30:00,80,75,50,60,45,35,20,20,1,Tuesday,False
2023-08-15 16:45:00,80,75,45,65,35,30,25,20,1,Tuesday,False
2023-08-15 17:00:00,80,75,40,70,35,30,25,20,1,Tuesday,False
2023-08-15 17:15:00,100,75,45,75,45,30,20,30,1,Tuesday,False
2023-08-15 17:30:00,115,90,55,70,60,45,20,30,1,Tuesday,False
2023-08-15 17:45:00,115,90,55,50,60,50,20,30,1,Tuesday,False
2023-08-15 18:00:00,125,85,65,55,60,50,20,35,1,Tuesday,False
2023-08-15 18:15:00,105,75,65,65,55,45,25,20,1,Tuesday,False
2023-08-15 18:30:00,90,70,50,50,35,45,20,20,1,Tuesday,False
2023-08-15 18:45:00,90,75,50,50,45,50,20,20,1,Tuesday,False
2023-08-15 19:00:00,95,75,50,55,50,50,15,20,1,Tuesday,False
2023-08-15 19:15:00,95,75,50,55,50,50,15,15,1,Tuesday,False
2023-08-15 19:30:00,80,65,50,50,45,50,25,20,1,Tuesday,False
2023-08-15 19:45:00,70,55,45,50,40,20,25,15,1,Tuesday,False
2023-08-15 20:00:00,60,55,40,30,35,15,20,15,1,Tuesday,False
2023-08-15 20:15:00,50,40,30,30,15,15,15,20,1,Tuesday,False
2023-08-15 20:30:00,0,30,30,30,5,20,15,15,1,Tuesday,False
2023-08-15 20:45:00,0,0,0,0,0,0,0,15,1,Tuesday,False
2023-08-16 09:00:00,180,0,55,100,15,5,0,15,2,Wednesday,False
2023-08-16 09:15:00,180,0,80,120,35,15,0,15,2,Wednesday,False
2023-08-16 09:30:00,150,0,90,120,70,40,0,20,2,Wednesday,False
2023-08-16 09:45:00,130,0,100,110,75,120,0,35,2,Wednesday,False
2023-08-16 10:00:00,120,0,100,90,75,140,5,50,2,Wednesday,False
2023-08-16 10:15:00,130,0,90,90,70,140,20,45,2,Wednesday,False
2023-08-16 10:30:00,120,0,90,90,65,120,35,50,2,Wednesday,False
2023-08-16 10:45:00,110,25,80,95,60,80,35,35,2,Wednesday,False
2023-08-16 11:00:00,110,90,70,95,50,60,30,30,2,Wednesday,False
2023-08-16 11:15:00,105,130,70,100,55,45,35,30,2,Wednesday,False
2023-08-16 11:30:00,100,140,70,80,65,45,35,30,2,Wednesday,False
2023-08-16 11:45:00,100,130,70,80,65,60,30,30,2,Wednesday,False
2023-08-16 12:00:00,105,110,70,80,55,60,35,45,2,Wednesday,False
2023-08-16 12:15:00,110,95,70,95,45,50,30,35,2,Wednesday,False
2023-08-16 12:30:00,0,0,0,0,0,0,0,0,2,Wednesday,False
2023-08-16 12:45:00,0,0,0,0,0,0,0,0,2,Wednesday,False
2023-08-16 13:00:00,100,100,65,80,55,55,30,30,2,Wednesday,False
2023-08-16 13:15:00,0,0,0,0,0,0,0,0,2,Wednesday,False
2023-08-16 13:30:00,90,95,65,75,60,50,35,30,2,Wednesday,False
2023-08-16 13:45:00,90,85,65,80,55,55,40,35,2,Wednesday,False
2023-08-16 14:00:00,100,95,65,80,55,55,25,35,2,Wednesday,False
2023-08-16 14:15:00,100,90,65,80,55,55,25,35,2,Wednesday,False
2023-08-16 14:30:00,100,90,65,80,65,55,35,20,2,Wednesday,False
2023-08-16 14:45:00,0,0,0,0,0,0,0,0,2,Wednesday,False
2023-08-16 15:00:00,120,105,70,75,70,70,35,30,2,Wednesday,False
2023-08-16 15:15:00,100,105,70,75,65,70,40,40,2,Wednesday,False
2023-08-16 15:30:00,95,130,75,85,65,75,40,45,2,Wednesday,False
2023-08-16 15:45:00,110,130,80,80,65,70,30,40,2,Wednesday,False
2023-08-16 16:00:00,120,120,80,85,65,65,30,30,2,Wednesday,False
2023-08-16 16:15:00,120,115,60,75,60,55,30,30,2,Wednesday,False
2023-08-16 16:30:00,95,110,60,80,60,55,15,35,2,Wednesday,False
2023-08-16 16:45:00,95,100,55,75,60,55,25,30,2,Wednesday,False
2023-08-16 17:00:00,125,85,65,75,50,55,25,30,2,Wednesday,False
2023-08-16 17:15:00,125,110,80,80,45,55,15,40,2,Wednesday,False
2023-08-16 17:30:00,120,110,70,80,60,55,30,30,2,Wednesday,False
2023-08-16 17:45:00,125,115,80,80,70,55,20,30,2,Wednesday,False
2023-08-16 18:00:00,120,110,75,80,70,55,20,30,2,Wednesday,False
2023-08-16 18:15:00,110,100,75,80,65,55,25,30,2,Wednesday,False
2023-08-16 18:30:00,100,100,70,70,60,45,25,35,2,Wednesday,False
2023-08-16 18:45:00,110,95,65,65,60,50,25,35,2,Wednesday,False
2023-08-16 19:00:00,95,85,55,60,55,50,15,20,2,Wednesday,False
2023-08-16 19:15:00,90,80,55,50,45,45,15,15,2,Wednesday,False
2023-08-16 19:30:00,80,70,60,50,30,45,15,15,2,Wednesday,False
2023-08-16 19:45:00,75,70,50,50,30,35,25,15,2,Wednesday,False
2023-08-16 20:00:00,70,60,55,45,20,25,15,15,2,Wednesday,False
2023-08-16 20:15:00,0,50,40,45,5,25,15,15,2,Wednesday,False
2023-08-16 20:30:00,0,0,50,40,5,10,20,15,2,Wednesday,False
2023-08-16 20:45:00,0,0,0,0,0,0,0,15,2,Wednesday,False
2023-08-17 09:00:00,170,130,55,90,5,5,0,5,3,Thursday,False
2023-08-17 09:15:00,170,130,85,85,10,15,0,20,3,Thursday,False
2023-08-17 09:30:00,160,130,85,85,55,40,0,20,3,Thursday,False
2023-08-17 09:45:00,90,130,75,85,70,50,0,25,3,Thursday,False
2023-08-17 10:00:00,80,120,75,90,75,55,15,45,3,Thursday,False
2023-08-17 10:15:00,120,120,75,90,80,65,20,45,3,Thursday,False
2023-08-17 10:30:00,120,120,75,100,85,65,20,55,3,Thursday,False
2023-08-17 10:45:00,130,100,80,100,80,60,25,70,3,Thursday,False
2023-08-17 11:00:00,120,110,90,90,75,55,25,70,3,Thursday,False
2023-08-17 11:15:00,120,100,90,90,70,50,30,40,3,Thursday,False
2023-08-17 11:30:00,100,85,90,90,70,50,45,40,3,Thursday,False
2023-08-17 11:45:00,95,85,85,90,70,55,40,40,3,Thursday,False
2023-08-17 12:00:00,100,85,85,90,70,60,20,40,3,Thursday,False
2023-08-17 12:15:00,100,110,85,95,60,55,40,35,3,Thursday,False
2023-08-17 12:30:00,110,110,80,110,60,55,25,35,3,Thursday,False
2023-08-17 12:45:00,110,110,80,110,60,0,30,35,3,Thursday,False
2023-08-17 13:00:00,110,90,80,110,65,0,30,40,3,Thursday,False
2023-08-17 13:15:00,110,85,80,110,75,0,30,35,3,Thursday,False
2023-08-17 13:30:00,110,100,80,105,80,0,35,40,3,Thursday,False
2023-08-17 13:45:00,110,110,80,105,80,0,45,40,3,Thursday,False
2023-08-17 14:00:00,115,110,85,95,80,0,45,45,3,Thursday,False
2023-08-17 14:15:00,115,115,85,95,80,0,45,50,3,Thursday,False
2023-08-17 14:30:00,115,115,85,110,80,0,30,50,3,Thursday,False
2023-08-17 14:45:00,115,115,80,110,80,0,35,50,3,Thursday,False
2023-08-17 15:00:00,115,115,75,105,90,5,40,40,3,Thursday,False
2023-08-17 15:15:00,105,100,80,95,90,70,30,40,3,Thursday,False
2023-08-17 15:30:00,110,100,70,100,90,75,40,50,3,Thursday,False
2023-08-17 15:45:00,110,100,75,95,80,75,45,50,3,Thursday,False
2023-08-17 16:00:00,115,100,75,105,80,75,45,45,3,Thursday,False
2023-08-17 16:15:00,115,100,75,120,80,80,35,35,3,Thursday,False
2023-08-17 16:30:00,110,100,75,100,75,70,30,35,3,Thursday,False
2023-08-17 16:45:00,110,90,80,85,70,60,20,35,3,Thursday,False
2023-08-17 17:00:00,130,110,70,90,65,60,25,35,3,Thursday,False
2023-08-17 17:15:00,130,110,80,110,65,60,25,40,3,Thursday,False
2023-08-17 17:30:00,140,110,85,110,70,60,30,50,3,Thursday,False
2023-08-17 17:45:00,130,110,80,100,80,65,30,35,3,Thursday,False
2023-08-17 18:00:00,130,100,80,90,80,65,35,30,3,Thursday,False
2023-08-17 18:15:00,120,85,80,90,70,65,25,30,3,Thursday,False
2023-08-17 18:30:00,120,100,80,90,55,65,25,45,3,Thursday,False
2023-08-17 18:45:00,110,100,70,70,55,65,25,35,3,Thursday,False
2023-08-17 19:00:00,110,80,70,70,55,70,25,30,3,Thursday,False
2023-08-17 19:15:00,90,80,65,60,55,65,20,15,3,Thursday,False
2023-08-17 19:30:00,80,70,65,60,50,45,25,20,3,Thursday,False
2023-08-17 19:45:00,80,60,70,60,40,35,25,20,3,Thursday,False
2023-08-17 20:00:00,0,60,75,50,25,25,20,20,3,Thursday,False
2023-08-17 20:15:00,0,55,60,50,25,25,20,15,3,Thursday,False
2023-08-17 20:30:00,0,0,50,40,20,30,15,20,3,Thursday,False
2023-08-17 20:45:00,0,0,0,0,0,0,0,15,3,Thursday,False
2023-08-18 09:00:00,120,140,5,60,15,10,0,15,4,Friday,False
2023-08-18 09:15:00,130,150,70,70,20,10,0,30,4,Friday,False
2023-08-18 09:30:00,150,145,70,75,55,40,0,35,4,Friday,False
2023-08-18 09:45:00,155,135,75,80,75,50,0,50,4,Friday,False
2023-08-18 10:00:00,160,140,90,80,65,70,5,50,4,Friday,False
2023-08-18 10:15:00,120,140,90,85,65,65,20,35,4,Friday,False
2023-08-18 10:30:00,115,130,95,85,60,55,20,35,4,Friday,False
2023-08-18 10:45:00,110,115,90,90,50,50,25,45,4,Friday,False
2023-08-18 11:00:00,95,90,80,100,45,45,15,35,4,Friday,False
2023-08-18 11:15:00,95,70,70,100,50,45,30,35,4,Friday,False
2023-08-18 11:30:00,100,70,70,90,55,50,35,15,4,Friday,False
2023-08-18 11:45:00,100,85,60,80,50,45,35,20,4,Friday,False
2023-08-18 12:00:00,105,95,55,80,55,45,25,35,4,Friday,False
2023-08-18 12:15:00,95,95,60,80,60,45,40,50,4,Friday,False
2023-08-18 12:30:00,90,90,75,80,60,50,25,45,4,Friday,False
2023-08-18 12:45:00,85,90,70,80,55,50,30,35,4,Friday,False
2023-08-18 13:00:00,75,100,60,100,55,40,20,35,4,Friday,False
2023-08-18 13:15:00,100,100,65,95,55,40,35,35,4,Friday,False
2023-08-18 13:30:00,105,95,65,80,55,40,40,40,4,Friday,False
2023-08-18 13:45:00,100,90,70,80,55,50,25,40,4,Friday,False
2023-08-18 14:00:00,100,80,65,75,50,55,25,40,4,Friday,False
2023-08-18 14:15:00,100,80,60,75,50,45,35,35,4,Friday,False
2023-08-18 14:30:00,105,80,60,85,50,50,35,35,4,Friday,False
2023-08-18 14:45:00,95,90,65,85,50,45,35,40,4,Friday,False
2023-08-18 15:00:00,90,95,65,80,55,45,35,50,4,Friday,False
2023-08-18 15:15:00,90,100,65,80,55,45,40,40,4,Friday,False
2023-08-18 15:30:00,95,100,50,75,55,45,35,35,4,Friday,False
2023-08-18 15:45:00,90,100,50,70,55,50,30,20,4,Friday,False
2023-08-18 16:00:00,90,80,55,80,55,50,30,40,4,Friday,False
2023-08-18 16:15:00,100,75,50,85,50,45,35,40,4,Friday,False
2023-08-18 16:30:00,100,75,50,65,45,40,25,35,4,Friday,False
2023-08-18 16:45:00,100,100,50,60,45,40,25,35,4,Friday,False
2023-08-18 17:00:00,95,90,55,65,45,50,25,35,4,Friday,False
2023-08-18 17:15:00,95,100,65,70,60,50,25,40,4,Friday,False
2023-08-18 17:30:00,110,110,65,60,60,45,20,40,4,Friday,False
2023-08-18 17:45:00,100,100,65,60,60,45,20,20,4,Friday,False
2023-08-18 18:00:00,95,100,60,60,60,35,15,20,4,Friday,False
2023-08-18 18:15:00,90,100,60,60,60,35,25,35,4,Friday,False
2023-08-18 18:30:00,90,90,60,60,55,70,25,35,4,Friday,False
2023-08-18 18:45:00,90,90,55,60,40,55,15,40,4,Friday,False
2023-08-18 19:00:00,95,85,45,45,40,40,15,35,4,Friday,False
2023-08-18 19:15:00,90,75,40,45,45,35,15,15,4,Friday,False
2023-08-18 19:30:00,80,70,35,45,45,35,20,35,4,Friday,False
2023-08-18 19:45:00,75,55,45,35,35,30,25,15,4,Friday,False
2023-08-18 20:00:00,60,50,50,35,15,15,15,20,4,Friday,False
2023-08-18 20:15:00,60,45,50,25,5,15,15,20,4,Friday,False
2023-08-18 20:30:00,0,40,35,20,5,15,20,15,4,Friday,False
2023-08-18 20:45:00,0,0,0,0,20,10,0,15,4,Friday,False
2023-08-19 09:00:00,120,120,5,45,5,10,0,5,5,Saturday,False
2023-08-19 09:15:00,120,110,50,45,10,10,0,15,5,Saturday,False
2023-08-19 09:30:00,130,100,55,60,35,15,0,30,5,Saturday,False
2023-08-19 09:45:00,120,100,55,65,60,40,0,20,5,Saturday,False
2023-08-19 10:00:00,120,100,55,55,65,45,15,35,5,Saturday,False
2023-08-19 10:15:00,110,95,55,60,60,45,15,30,5,Saturday,False
2023-08-19 10:30:00,90,95,50,50,45,25,20,45,5,Saturday,False
2023-08-19 10:45:00,80,90,40,50,45,25,20,35,5,Saturday,False
2023-08-19 11:00:00,90,80,35,45,45,35,15,30,5,Saturday,False
2023-08-19 11:15:00,90,75,35,45,40,35,15,30,5,Saturday,False
2023-08-19 11:30:00,90,65,30,50,35,45,20,40,5,Saturday,False
2023-08-19 11:45:00,90,65,40,50,35,70,15,20,5,Saturday,False
2023-08-19 12:00:00,95,65,40,50,40,70,20,20,5,Saturday,False
2023-08-19 12:15:00,95,65,50,45,35,45,25,35,5,Saturday,False
2023-08-19 12:30:00,75,80,45,45,35,25,25,35,5,Saturday,False
2023-08-19 12:45:00,75,70,45,50,35,35,30,35,5,Saturday,False
2023-08-19 13:00:00,65,50,45,50,35,35,15,35,5,Saturday,False
2023-08-19 13:15:00,70,50,35,50,40,30,20,40,5,Saturday,False
2023-08-19 13:30:00,80,50,40,45,35,25,20,20,5,Saturday,False
2023-08-19 13:45:00,80,60,40,40,25,25,25,20,5,Saturday,False
2023-08-19 14:00:00,80,65,40,35,25,25,30,20,5,Saturday,False
2023-08-19 14:15:00,75,65,35,35,30,30,30,20,5,Saturday,False
2023-08-19 14:30:00,80,70,35,40,30,30,25,40,5,Saturday,False
2023-08-19 14:45:00,80,70,35,45,35,30,20,15,5,Saturday,False
2023-08-19 15:00:00,80,70,35,35,35,35,20,35,5,Saturday,False
2023-08-19 15:15:00,80,70,35,40,35,50,25,20,5,Saturday,False
2023-08-19 15:30:00,70,70,50,55,40,50,25,40,5,Saturday,False
2023-08-19 15:45:00,65,70,45,50,45,50,15,20,5,Saturday,False
2023-08-19 16:00:00,70,70,45,45,45,40,15,20,5,Saturday,False
2023-08-19 16:15:00,70,70,35,40,40,35,30,40,5,Saturday,False
2023-08-19 16:30:00,80,70,35,40,45,35,20,35,5,Saturday,False
2023-08-19 16:45:00,90,70,30,40,45,35,25,35,5,Saturday,False
2023-08-19 17:00:00,80,70,40,40,50,25,15,40,5,Saturday,False
2023-08-19 17:15:00,90,60,40,40,40,45,15,40,5,Saturday,False
2023-08-19 17:30:00,85,55,35,30,30,40,15,20,5,Saturday,False
2023-08-19 17:45:00,90,65,30,25,30,40,15,15,5,Saturday,False
2023-08-19 18:00:00,90,60,25,35,30,35,20,20,5,Saturday,False
2023-08-19 18:15:00,85,60,40,35,25,40,25,15,5,Saturday,False
2023-08-19 18:30:00,75,60,35,35,35,35,25,20,5,Saturday,False
2023-08-19 18:45:00,80,60,35,35,35,30,15,15,5,Saturday,False
2023-08-19 19:00:00,75,50,35,35,20,20,15,15,5,Saturday,False
2023-08-19 19:15:00,70,45,30,30,15,20,20,20,5,Saturday,False
2023-08-19 19:30:00,60,45,25,25,15,15,25,15,5,Saturday,False
2023-08-19 19:45:00,55,45,25,20,15,10,25,15,5,Saturday,False
2023-08-19 20:00:00,50,35,20,10,5,15,15,15,5,Saturday,False
2023-08-19 20:15:00,40,25,15,10,5,5,15,20,5,Saturday,False
2023-08-19 20:30:00,0,25,15,5,5,5,20,20,5,Saturday,False
2023-08-19 20:45:00,0,0,15,5,5,5,0,25,5,Saturday,False
2023-08-20 09:00:00,130,0,60,60,10,5,0,5,6,Sunday,False
2023-08-20 09:15:00,135,0,65,75,15,15,0,35,6,Sunday,False
2023-08-20 09:30:00,135,0,50,70,50,30,0,20,6,Sunday,False
2023-08-20 09:45:00,120,45,45,60,60,30,0,30,6,Sunday,False
2023-08-20 10:00:00,120,95,40,65,50,50,0,30,6,Sunday,False
2023-08-20 10:15:00,90,90,50,50,40,45,20,30,6,Sunday,False
2023-08-20 10:30:00,75,80,45,50,35,30,25,35,6,Sunday,False
2023-08-20 10:45:00,80,90,45,45,35,30,25,40,6,Sunday,False
2023-08-20 11:00:00,80,100,45,45,35,25,25,40,6,Sunday,False
2023-08-20 11:15:00,85,90,45,45,35,25,25,35,6,Sunday,False
2023-08-20 11:30:00,100,75,35,50,50,30,15,35,6,Sunday,False
2023-08-20 11:45:00,70,50,35,50,50,25,20,25,6,Sunday,False
2023-08-20 12:00:00,65,50,35,50,45,40,20,20,6,Sunday,False
2023-08-20 12:15:00,65,60,45,50,45,40,25,35,6,Sunday,False
2023-08-20 12:30:00,80,75,45,40,40,40,25,15,6,Sunday,False
2023-08-20 12:45:00,80,60,35,35,35,35,15,20,6,Sunday,False
2023-08-20 13:00:00,80,60,35,35,35,30,30,20,6,Sunday,False
2023-08-20 13:15:00,80,50,35,45,30,30,15,30,6,Sunday,False
2023-08-20 13:30:00,75,65,30,50,30,35,20,20,6,Sunday,False
2023-08-20 13:45:00,75,75,35,45,30,35,25,35,6,Sunday,False
2023-08-20 14:00:00,75,75,30,50,30,35,25,15,6,Sunday,False
2023-08-20 14:15:00,70,80,30,45,30,35,15,15,6,Sunday,False
2023-08-20 14:30:00,70,70,30,40,30,25,15,20,6,Sunday,False
2023-08-20 14:45:00,70,50,30,40,35,25,25,20,6,Sunday,False
2023-08-20 15:00:00,70,60,40,25,35,20,20,35,6,Sunday,False
2023-08-20 15:15:00,75,75,40,50,35,20,25,35,6,Sunday,False
2023-08-20 15:30:00,75,80,40,50,35,40,15,35,6,Sunday,False
2023-08-20 15:45:00,80,80,40,45,45,35,15,40,6,Sunday,False
2023-08-20 16:00:00,80,60,35,35,55,30,20,35,6,Sunday,False
2023-08-20 16:15:00,80,60,35,35,55,30,20,20,6,Sunday,False
2023-08-20 16:30:00,80,75,35,35,40,30,20,20,6,Sunday,False
2023-08-20 16:45:00,80,75,35,40,30,30,25,20,6,Sunday,False
2023-08-20 17:00:00,80,65,35,40,25,25,15,20,6,Sunday,False
2023-08-20 17:15:00,85,65,40,35,30,25,15,35,6,Sunday,False
2023-08-20 17:30:00,85,60,35,0,35,35,15,35,6,Sunday,False
2023-08-20 17:45:00,85,60,35,0,45,35,20,15,6,Sunday,False
2023-08-20 18:00:00,80,55,60,0,45,40,25,15,6,Sunday,False
2023-08-20 18:15:00,80,50,60,0,30,40,25,15,6,Sunday,False
2023-08-20 18:30:00,80,70,60,0,25,30,15,40,6,Sunday,False
2023-08-20 18:45:00,75,65,60,0,25,30,15,20,6,Sunday,False
2023-08-20 19:00:00,65,50,50,5,30,30,15,20,6,Sunday,False
2023-08-20 19:15:00,65,60,40,35,30,25,20,15,6,Sunday,False
2023-08-20 19:30:00,60,55,25,40,25,5,20,15,6,Sunday,False
2023-08-20 19:45:00,50,45,25,40,15,5,25,15,6,Sunday,False
2023-08-20 20:00:00,40,40,25,30,5,10,15,20,6,Sunday,False
2023-08-20 20:15:00,40,40,20,15,5,5,15,15,6,Sunday,False
2023-08-20 20:30:00,35,30,20,10,5,5,25,15,6,Sunday,False
2023-08-20 20:45:00,0,0,0,0,0,0,0,0,6,Sunday,False
2023-08-21 09:00:00,100,110,40,50,5,5,0,15,0,Monday,False
2023-08-21 09:15:00,100,100,60,60,15,15,0,20,0,Monday,False
2023-08-21 09:30:00,120,110,60,70,45,30,0,15,0,Monday,False
2023-08-21 09:45:00,120,110,65,75,60,45,0,20,0,Monday,False
2023-08-21 10:00:00,110,130,80,75,70,50,5,45,0,Monday,False
2023-08-21 10:15:00,110,110,80,95,75,50,25,65,0,Monday,False
2023-08-21 10:30:00,110,110,85,95,75,50,20,55,0,Monday,False
2023-08-21 10:45:00,100,110,85,85,75,50,25,35,0,Monday,False
2023-08-21 11:00:00,100,110,75,85,70,60,30,30,0,Monday,False
2023-08-21 11:15:00,90,100,75,80,70,60,45,35,0,Monday,False
2023-08-21 11:30:00,90,95,75,90,75,55,30,35,0,Monday,False
2023-08-21 11:45:00,90,80,75,100,70,50,35,30,0,Monday,False
2023-08-21 12:00:00,90,70,70,100,65,50,40,40,0,Monday,False
2023-08-21 12:15:00,100,85,65,110,65,45,40,60,0,Monday,False
2023-08-21 12:30:00,100,90,65,100,60,50,40,45,0,Monday,False
2023-08-21 12:45:00,100,100,65,100,60,50,30,30,0,Monday,False
2023-08-21 13:00:00,100,110,70,90,60,50,30,35,0,Monday,False
2023-08-21 13:15:00,100,90,70,90,60,50,35,35,0,Monday,False
2023-08-21 13:30:00,100,85,70,80,60,45,35,35,0,Monday,False
2023-08-21 13:45:00,100,80,65,75,75,50,40,35,0,Monday,False
2023-08-21 14:00:00,100,80,65,80,75,50,25,45,0,Monday,False
2023-08-21 14:15:00,100,80,65,80,65,55,30,45,0,Monday,False
2023-08-21 14:30:00,85,70,75,80,65,60,30,50,0,Monday,False
2023-08-21 14:45:00,85,85,75,90,75,60,35,40,0,Monday,False
2023-08-21 15:00:00,95,95,80,90,75,60,40,50,0,Monday,False
2023-08-21 15:15:00,100,95,70,100,65,50,45,35,0,Monday,False
2023-08-21 15:30:00,105,95,70,95,65,55,35,50,0,Monday,False
2023-08-21 15:45:00,105,80,70,90,65,60,35,40,0,Monday,False
2023-08-21 16:00:00,100,80,75,85,70,55,35,40,0,Monday,False
2023-08-21 16:15:00,100,85,75,80,95,45,40,40,0,Monday,False
2023-08-21 16:30:00,100,85,70,75,90,50,40,40,0,Monday,False
2023-08-21 16:45:00,100,80,65,70,75,50,25,35,0,Monday,False
2023-08-21 17:00:00,110,90,70,75,60,50,30,50,0,Monday,False
2023-08-21 17:15:00,105,90,70,80,55,50,30,50,0,Monday,False
2023-08-21 17:30:00,120,100,140,90,60,50,20,35,0,Monday,False
2023-08-21 17:45:00,120,110,140,90,70,60,35,20,0,Monday,False
2023-08-21 18:00:00,125,110,140,85,70,70,25,35,0,Monday,False
2023-08-21 18:15:00,125,105,90,80,70,55,30,40,0,Monday,False
2023-08-21 18:30:00,125,105,65,80,60,45,30,40,0,Monday,False
2023-08-21 18:45:00,120,105,70,70,55,50,30,45,0,Monday,False
2023-08-21 19:00:00,110,105,70,55,60,50,20,20,0,Monday,False
2023-08-21 19:15:00,100,95,70,55,55,50,25,15,0,Monday,False
2023-08-21 19:30:00,100,80,70,60,50,40,25,15,0,Monday,False
2023-08-21 19:45:00,120,75,60,60,45,35,25,20,0,Monday,False
2023-08-21 20:00:00,0,75,60,50,25,25,25,20,0,Monday,False
2023-08-21 20:15:00,0,45,55,35,5,25,15,20,0,Monday,False
2023-08-21 20:30:00,0,0,0,30,15,15,15,20,0,Monday,False
2023-08-21 20:45:00,0,0,0,0,0,0,0,15,0,Monday,False
2023-08-22 09:00:00,130,100,40,70,5,5,0,20,1,Tuesday,False
2023-08-22 09:15:00,140,110,60,70,10,15,0,15,1,Tuesday,False
2023-08-22 09:30:00,110,120,60,70,60,30,0,15,1,Tuesday,False
2023-08-22 09:45:00,110,110,65,65,65,55,0,40,1,Tuesday,False
2023-08-22 10:00:00,120,120,65,70,60,65,5,40,1,Tuesday,False
2023-08-22 10:15:00,120,120,65,80,65,65,20,50,1,Tuesday,False
2023-08-22 10:30:00,75,120,75,80,65,50,20,50,1,Tuesday,False
2023-08-22 10:45:00,100,120,75,80,65,35,15,40,1,Tuesday,False
2023-08-22 11:00:00,100,120,75,90,50,50,30,35,1,Tuesday,False
2023-08-22 11:15:00,115,90,75,90,50,55,30,35,1,Tuesday,False
2023-08-22 11:30:00,95,70,50,115,55,50,35,35,1,Tuesday,False
2023-08-22 11:45:00,100,70,50,90,50,50,35,20,1,Tuesday,False
2023-08-22 12:00:00,95,70,65,90,50,40,35,40,1,Tuesday,False
2023-08-22 12:15:00,100,100,65,70,45,40,20,35,1,Tuesday,False
2023-08-22 12:30:00,95,110,65,65,50,40,25,35,1,Tuesday,False
2023-08-22 12:45:00,95,100,65,70,55,45,30,30,1,Tuesday,False
2023-08-22 13:00:00,85,100,65,80,55,45,30,30,1,Tuesday,False
2023-08-22 13:15:00,85,90,60,0,55,50,35,35,1,Tuesday,False
2023-08-22 13:30:00,95,85,75,0,50,50,20,45,1,Tuesday,False
2023-08-22 13:45:00,115,85,80,0,50,50,25,30,1,Tuesday,False
2023-08-22 14:00:00,115,105,80,0,55,50,25,30,1,Tuesday,False
2023-08-22 14:15:00,115,115,70,0,55,55,30,35,1,Tuesday,False
2023-08-22 14:30:00,110,115,70,0,60,55,35,35,1,Tuesday,False
2023-08-22 14:45:00,110,115,70,0,65,55,35,45,1,Tuesday,False
2023-08-22 15:00:00,110,90,70,20,65,60,40,45,1,Tuesday,False
2023-08-22 15:15:00,110,85,65,85,65,60,40,45,1,Tuesday,False
2023-08-22 15:30:00,110,85,65,0,60,0,25,30,1,Tuesday,False
2023-08-22 15:45:00,65,80,55,0,40,0,30,20,1,Tuesday,False
2023-08-22 16:00:00,120,85,50,0,40,0,35,30,1,Tuesday,False
2023-08-22 16:15:00,130,100,55,0,50,0,35,45,1,Tuesday,False
2023-08-22 16:30:00,130,100,50,0,90,0,20,50,1,Tuesday,False
2023-08-22 16:45:00,130,100,70,0,75,0,25,35,1,Tuesday,False
2023-08-22 17:00:00,100,90,70,0,60,20,25,35,1,Tuesday,False
2023-08-22 17:15:00,100,100,65,50,60,35,30,30,1,Tuesday,False
2023-08-22 17:30:00,100,100,65,90,45,40,30,30,1,Tuesday,False
2023-08-22 17:45:00,100,95,75,90,45,50,20,30,1,Tuesday,False
2023-08-22 18:00:00,95,95,80,90,60,50,25,30,1,Tuesday,False
2023-08-22 18:15:00,95,95,70,100,55,45,25,30,1,Tuesday,False
2023-08-22 18:30:00,95,95,60,110,50,50,25,30,1,Tuesday,False
2023-08-22 18:45:00,95,95,60,110,50,55,20,30,1,Tuesday,False
2023-08-22 19:00:00,90,90,55,90,45,50,15,15,1,Tuesday,False
2023-08-22 19:15:00,90,65,55,70,35,45,20,20,1,Tuesday,False
2023-08-22 19:30:00,75,60,55,50,40,35,20,20,1,Tuesday,False
2023-08-22 19:45:00,70,55,45,45,40,25,25,20,1,Tuesday,False
2023-08-22 20:00:00,0,45,35,40,30,25,20,20,1,Tuesday,False
2023-08-22 20:15:00,0,40,25,45,5,25,20,20,1,Tuesday,False
2023-08-22 20:30:00,0,45,30,45,5,25,15,20,1,Tuesday,False
2023-08-22 20:45:00,0,0,0,0,25,25,0,20,1,Tuesday,False
2023-08-23 09:00:00,135,0,60,70,10,5,0,5,2,Wednesday,False
2023-08-23 09:15:00,135,0,75,80,15,15,0,20,2,Wednesday,False
2023-08-23 09:30:00,145,80,70,75,50,45,0,20,2,Wednesday,False
2023-08-23 09:45:00,145,110,60,0,75,50,0,25,2,Wednesday,False
2023-08-23 10:00:00,150,110,60,0,80,60,5,35,2,Wednesday,False
2023-08-23 10:15:00,140,110,65,0,80,50,15,40,2,Wednesday,False
2023-08-23 10:30:00,115,120,80,0,65,45,20,50,2,Wednesday,False
2023-08-23 10:45:00,105,110,80,0,60,50,25,45,2,Wednesday,False
2023-08-23 11:00:00,90,100,90,0,55,50,30,45,2,Wednesday,False
2023-08-23 11:15:00,90,90,90,30,60,50,30,30,2,Wednesday,False
2023-08-23 11:30:00,95,85,90,80,55,50,30,30,2,Wednesday,False
2023-08-23 11:45:00,95,75,75,75,45,50,20,30,2,Wednesday,False
2023-08-23 12:00:00,110,75,65,75,45,35,25,30,2,Wednesday,False
2023-08-23 12:15:00,110,85,55,75,45,40,30,35,2,Wednesday,False
2023-08-23 12:30:00,90,80,55,80,45,45,25,35,2,Wednesday,False
2023-08-23 12:45:00,80,75,55,80,45,40,15,40,2,Wednesday,False
2023-08-23 13:00:00,85,75,55,70,45,40,30,40,2,Wednesday,False
2023-08-23 13:15:00,95,85,70,70,45,35,35,25,2,Wednesday,False
2023-08-23 13:30:00,95,80,65,65,40,40,20,30,2,Wednesday,False
2023-08-23 13:45:00,95,100,65,80,40,45,25,35,2,Wednesday,False
2023-08-23 14:00:00,95,90,65,75,40,45,25,35,2,Wednesday,False
2023-08-23 14:15:00,95,90,55,75,40,40,30,40,2,Wednesday,False
2023-08-23 14:30:00,95,90,55,85,40,40,20,20,2,Wednesday,False
2023-08-23 14:45:00,95,75,50,90,55,40,40,20,2,Wednesday,False
2023-08-23 15:00:00,95,85,60,90,65,45,35,35,2,Wednesday,False
2023-08-23 15:15:00,95,85,60,90,60,45,25,40,2,Wednesday,False
2023-08-23 15:30:00,95,85,60,90,50,45,25,35,2,Wednesday,False
2023-08-23 15:45:00,95,85,60,75,45,45,30,40,2,Wednesday,False
2023-08-23 16:00:00,95,80,55,75,40,40,30,40,2,Wednesday,False
2023-08-23 16:15:00,95,80,50,75,45,40,15,20,2,Wednesday,False
2023-08-23 16:30:00,85,80,50,75,45,30,15,20,2,Wednesday,False
2023-08-23 16:45:00,80,90,50,75,40,35,15,20,2,Wednesday,False
2023-08-23 17:00:00,90,80,40,75,35,40,25,35,2,Wednesday,False
2023-08-23 17:15:00,95,80,40,80,30,40,15,35,2,Wednesday,False
2023-08-23 17:30:00,110,100,50,80,35,35,15,35,2,Wednesday,False
2023-08-23 17:45:00,110,100,55,80,50,40,20,35,2,Wednesday,False
2023-08-23 18:00:00,120,100,60,65,45,45,20,15,2,Wednesday,False
2023-08-23 18:15:00,110,100,55,65,45,45,25,40,2,Wednesday,False
2023-08-23 18:30:00,110,95,60,60,40,45,25,40,2,Wednesday,False
2023-08-23 18:45:00,90,80,60,60,45,45,15,20,2,Wednesday,False
2023-08-23 19:00:00,90,80,50,60,45,45,25,20,2,Wednesday,False
2023-08-23 19:15:00,80,70,35,55,45,45,15,20,2,Wednesday,False
2023-08-23 19:30:00,75,60,35,50,35,25,20,20,2,Wednesday,False
2023-08-23 19:45:00,65,50,40,45,30,20,20,15,2,Wednesday,False
2023-08-23 20:00:00,60,35,40,40,15,15,20,15,2,Wednesday,False
2023-08-23 20:15:00,0,30,35,30,5,15,15,15,2,Wednesday,False
2023-08-23 20:30:00,0,0,30,30,5,15,25,15,2,Wednesday,False
2023-08-23 20:45:00,0,0,0,30,0,15,0,15,2,Wednesday,False
2023-08-24 09:00:00,120,100,45,45,10,5,0,25,3,Thursday,False
2023-08-24 09:15:00,135,110,60,55,10,10,0,15,3,Thursday,False
2023-08-24 09:30:00,140,110,60,65,55,35,0,20,3,Thursday,False
2023-08-24 09:45:00,130,110,60,70,50,50,0,20,3,Thursday,False
2023-08-24 10:00:00,115,110,60,75,55,50,15,30,3,Thursday,False
2023-08-24 10:15:00,100,100,45,75,45,45,15,20,3,Thursday,False
2023-08-24 10:30:00,90,90,50,65,55,45,15,35,3,Thursday,False
2023-08-24 10:45:00,85,85,50,65,45,45,25,35,3,Thursday,False
2023-08-24 11:00:00,95,80,50,70,40,35,25,35,3,Thursday,False
2023-08-24 11:15:00,95,75,50,70,40,40,15,35,3,Thursday,False
2023-08-24 11:30:00,105,75,55,60,40,40,30,25,3,Thursday,False
2023-08-24 11:45:00,80,75,55,60,45,40,35,15,3,Thursday,False
2023-08-24 12:00:00,80,70,55,55,50,35,35,30,3,Thursday,False
2023-08-24 12:15:00,80,80,50,55,45,35,25,30,3,Thursday,False
2023-08-24 12:30:00,100,80,50,55,40,45,25,30,3,Thursday,False
2023-08-24 12:45:00,100,80,45,60,35,45,25,20,3,Thursday,False
2023-08-24 13:00:00,100,120,45,65,35,35,35,35,3,Thursday,False
2023-08-24 13:15:00,75,65,45,65,50,35,15,20,3,Thursday,False
2023-08-24 13:30:00,80,65,45,65,55,40,25,20,3,Thursday,False
2023-08-24 13:45:00,85,75,45,60,40,45,25,20,3,Thursday,False
2023-08-24 14:00:00,80,80,45,60,40,40,30,25,3,Thursday,False
2023-08-24 14:15:00,80,80,45,60,45,40,30,30,3,Thursday,False
2023-08-24 14:30:00,90,80,45,60,40,35,15,30,3,Thursday,False
2023-08-24 14:45:00,95,75,50,65,40,40,35,35,3,Thursday,False
2023-08-24 15:00:00,95,75,60,65,40,40,35,35,3,Thursday,False
2023-08-24 15:15:00,80,100,60,65,55,40,20,35,3,Thursday,False
2023-08-24 15:30:00,80,100,55,65,50,40,30,35,3,Thursday,False
2023-08-24 15:45:00,80,100,50,60,45,40,30,30,3,Thursday,False
2023-08-24 16:00:00,80,100,50,60,45,40,30,30,3,Thursday,False
2023-08-24 16:15:00,80,95,50,60,50,45,35,30,3,Thursday,False
2023-08-24 16:30:00,90,65,50,60,40,45,20,35,3,Thursday,False
2023-08-24 16:45:00,95,45,50,40,35,45,15,15,3,Thursday,False
2023-08-24 17:00:00,90,70,45,50,35,35,25,20,3,Thursday,False
2023-08-24 17:15:00,85,90,50,60,40,35,20,20,3,Thursday,False
2023-08-24 17:30:00,110,90,50,50,50,45,15,20,3,Thursday,False
2023-08-24 17:45:00,110,80,60,50,60,45,20,20,3,Thursday,False
2023-08-24 18:00:00,95,75,60,50,55,45,25,20,3,Thursday,False
2023-08-24 18:15:00,95,70,55,70,45,45,20,35,3,Thursday,False
2023-08-24 18:30:00,90,70,55,65,35,45,20,35,3,Thursday,False
2023-08-24 18:45:00,80,65,50,55,40,40,25,35,3,Thursday,False
2023-08-24 19:00:00,85,65,50,45,45,35,15,15,3,Thursday,False
2023-08-24 19:15:00,80,60,45,40,45,35,20,15,3,Thursday,False
2023-08-24 19:30:00,70,50,45,40,35,20,25,20,3,Thursday,False
2023-08-24 19:45:00,65,55,45,30,20,20,25,15,3,Thursday,False
2023-08-24 20:00:00,60,45,35,20,10,10,15,15,3,Thursday,False
2023-08-24 20:15:00,55,35,35,25,5,10,15,15,3,Thursday,False
2023-08-24 20:30:00,0,35,35,25,10,15,20,15,3,Thursday,False
2023-08-24 20:45:00,0,0,0,0,10,10,0,20,3,Thursday,False
2023-08-25 09:00:00,120,110,5,35,5,5,0,15,4,Friday,False
2023-08-25 09:15:00,125,110,100,60,5,5,0,20,4,Friday,False
2023-08-25 09:30:00,130,135,55,80,25,20,0,30,4,Friday,False
2023-08-25 09:45:00,135,120,55,85,70,40,0,20,4,Friday,False
2023-08-25 10:00:00,135,120,50,70,75,55,5,20,4,Friday,False
2023-08-25 10:15:00,120,100,55,60,70,50,20,30,4,Friday,False
2023-08-25 10:30:00,105,95,60,65,70,40,25,40,4,Friday,False
2023-08-25 10:45:00,115,95,55,70,60,0,25,45,4,Friday,False
2023-08-25 11:00:00,115,95,55,70,60,0,15,30,4,Friday,False
2023-08-25 11:15:00,70,90,50,70,60,0,30,30,4,Friday,False
2023-08-25 11:30:00,85,80,50,65,50,0,30,30,4,Friday,False
2023-08-25 11:45:00,90,65,60,65,50,0,20,30,4,Friday,False
2023-08-25 12:00:00,105,65,55,65,45,0,30,30,4,Friday,False
2023-08-25 12:15:00,105,110,55,65,45,0,20,35,4,Friday,False
2023-08-25 12:30:00,110,75,55,55,45,40,25,35,4,Friday,False
2023-08-25 12:45:00,110,75,45,70,45,60,30,35,4,Friday,False
2023-08-25 13:00:00,110,75,40,70,40,70,30,35,4,Friday,False
2023-08-25 13:15:00,105,75,40,65,35,45,20,30,4,Friday,False
2023-08-25 13:30:00,75,85,55,55,30,45,35,30,4,Friday,False
2023-08-25 13:45:00,70,95,60,55,45,45,20,30,4,Friday,False
2023-08-25 14:00:00,70,95,50,55,45,45,25,35,4,Friday,False
2023-08-25 14:15:00,85,85,45,55,45,45,30,40,4,Friday,False
2023-08-25 14:30:00,110,75,55,55,45,40,30,35,4,Friday,False
2023-08-25 14:45:00,100,75,55,65,55,40,20,20,4,Friday,False
2023-08-25 15:00:00,80,90,50,65,55,40,35,35,4,Friday,False
2023-08-25 15:15:00,95,90,45,65,55,40,40,30,4,Friday,False
2023-08-25 15:30:00,100,90,40,70,50,50,30,30,4,Friday,False
2023-08-25 15:45:00,95,90,40,70,45,45,20,30,4,Friday,False
2023-08-25 16:00:00,95,90,50,45,45,50,30,30,4,Friday,False
2023-08-25 16:15:00,80,90,50,45,40,45,20,35,4,Friday,False
2023-08-25 16:30:00,80,90,45,40,35,45,20,35,4,Friday,False
2023-08-25 16:45:00,90,80,30,50,35,40,25,20,4,Friday,False
2023-08-25 17:00:00,90,70,45,40,40,45,25,20,4,Friday,False
2023-08-25 17:15:00,90,75,45,45,40,45,15,40,4,Friday,False
2023-08-25 17:30:00,105,70,50,50,35,45,15,35,4,Friday,False
2023-08-25 17:45:00,120,80,35,50,40,45,15,30,4,Friday,False
2023-08-25 18:00:00,115,90,35,40,50,40,25,30,4,Friday,False
2023-08-25 18:15:00,110,80,35,35,45,40,25,20,4,Friday,False
2023-08-25 18:30:00,100,70,55,40,35,40,25,35,4,Friday,False
2023-08-25 18:45:00,95,70,45,45,35,45,15,30,4,Friday,False
2023-08-25 19:00:00,90,70,45,40,35,45,15,20,4,Friday,False
2023-08-25 19:15:00,80,70,40,35,35,40,25,20,4,Friday,False
2023-08-25 19:30:00,75,50,35,35,30,30,20,20,4,Friday,False
2023-08-25 19:45:00,65,45,35,30,20,25,25,15,4,Friday,False
2023-08-25 20:00:00,65,45,25,20,5,25,15,15,4,Friday,False
2023-08-25 20:15:00,60,45,20,10,5,15,15,15,4,Friday,False
2023-08-25 20:30:00,0,40,30,20,5,5,25,20,4,Friday,False
2023-08-25 20:45:00,0,0,0,25,5,5,0,20,4,Friday,False
2023-08-26 09:00:00,110,110,40,50,5,5,0,5,5,Saturday,False
2023-08-26 09:15:00,120,110,50,45,5,10,0,20,5,Saturday,False
2023-08-26 09:30:00,140,100,45,55,25,0,0,30,5,Saturday,False
2023-08-26 09:45:00,140,100,45,55,70,0,0,15,5,Saturday,False
2023-08-26 10:00:00,120,105,45,55,65,0,25,20,5,Saturday,False
2023-08-26 10:15:00,110,95,55,55,60,5,25,35,5,Saturday,False
2023-08-26 10:30:00,80,95,50,60,45,10,20,45,5,Saturday,False
2023-08-26 10:45:00,80,85,50,60,40,30,25,30,5,Saturday,False
2023-08-26 11:00:00,85,85,45,50,35,40,15,30,5,Saturday,False
2023-08-26 11:15:00,85,70,40,45,30,40,15,30,5,Saturday,False
2023-08-26 11:30:00,80,60,40,45,35,30,25,20,5,Saturday,False
2023-08-26 11:45:00,80,60,35,40,35,30,15,20,5,Saturday,False
2023-08-26 12:00:00,85,0,30,50,45,15,20,20,5,Saturday,False
2023-08-26 12:15:00,75,0,40,45,35,15,20,30,5,Saturday,False
2023-08-26 12:30:00,75,0,40,40,35,30,15,35,5,Saturday,False
2023-08-26 12:45:00,75,0,45,45,25,40,30,30,5,Saturday,False
2023-08-26 13:00:00,100,0,45,45,25,35,35,30,5,Saturday,False
2023-08-26 13:15:00,110,0,30,45,35,40,35,20,5,Saturday,False
2023-08-26 13:30:00,85,60,35,45,35,45,20,35,5,Saturday,False
2023-08-26 13:45:00,80,70,40,45,35,40,20,20,5,Saturday,False
2023-08-26 14:00:00,80,90,40,45,40,25,30,20,5,Saturday,False
2023-08-26 14:15:00,80,90,40,40,40,15,25,25,5,Saturday,False
2023-08-26 14:30:00,80,90,35,35,35,35,25,15,5,Saturday,False
2023-08-26 14:45:00,80,75,35,40,35,40,25,15,5,Saturday,False
2023-08-26 15:00:00,95,75,40,40,35,45,25,30,5,Saturday,False
2023-08-26 15:15:00,100,70,45,35,30,45,25,20,5,Saturday,False
2023-08-26 15:30:00,95,80,45,35,35,45,25,35,5,Saturday,False
2023-08-26 15:45:00,95,100,40,40,35,50,15,35,5,Saturday,False
2023-08-26 16:00:00,85,100,35,40,35,45,35,45,5,Saturday,False
2023-08-26 16:15:00,85,80,35,40,35,45,15,40,5,Saturday,False
2023-08-26 16:30:00,85,70,35,40,35,35,25,35,5,Saturday,False
2023-08-26 16:45:00,85,60,30,40,35,30,20,35,5,Saturday,False
2023-08-26 17:00:00,85,70,30,30,25,40,25,20,5,Saturday,False
2023-08-26 17:15:00,90,70,35,40,30,35,15,30,5,Saturday,False
2023-08-26 17:30:00,90,80,40,35,35,40,15,35,5,Saturday,False
2023-08-26 17:45:00,90,90,35,35,40,40,20,20,5,Saturday,False
2023-08-26 18:00:00,90,90,35,35,40,35,20,20,5,Saturday,False
2023-08-26 18:15:00,90,80,35,40,35,35,20,30,5,Saturday,False
2023-08-26 18:30:00,80,70,40,30,35,30,25,15,5,Saturday,False
2023-08-26 18:45:00,80,70,40,25,30,35,15,15,5,Saturday,False
2023-08-26 19:00:00,80,80,35,25,30,35,15,15,5,Saturday,False
2023-08-26 19:15:00,80,70,35,25,25,25,20,15,5,Saturday,False
2023-08-26 19:30:00,65,65,35,25,10,25,20,15,5,Saturday,False
2023-08-26 19:45:00,60,55,30,25,5,15,25,15,5,Saturday,False
2023-08-26 20:00:00,60,45,30,20,5,15,15,20,5,Saturday,False
2023-08-26 20:15:00,35,40,30,15,5,5,15,20,5,Saturday,False
2023-08-26 20:30:00,0,30,15,10,5,5,15,20,5,Saturday,False
2023-08-26 20:45:00,0,0,0,30,15,0,0,25,5,Saturday,False
2023-08-27 09:00:00,120,150,5,50,5,5,0,15,6,Sunday,False
2023-08-27 09:15:00,120,110,60,55,20,10,0,20,6,Sunday,False
2023-08-27 09:30:00,130,120,60,55,30,20,0,30,6,Sunday,False
2023-08-27 09:45:00,130,120,60,55,40,45,0,35,6,Sunday,False
2023-08-27 10:00:00,130,100,50,50,70,40,25,30,6,Sunday,False
2023-08-27 10:15:00,105,90,50,50,60,45,15,30,6,Sunday,False
2023-08-27 10:30:00,90,80,45,45,50,45,15,30,6,Sunday,False
2023-08-27 10:45:00,75,70,40,45,60,45,20,30,6,Sunday,False
2023-08-27 11:00:00,75,70,40,50,50,40,25,30,6,Sunday,False
2023-08-27 11:15:00,90,70,40,50,45,35,15,30,6,Sunday,False
2023-08-27 11:30:00,85,55,30,70,50,30,15,20,6,Sunday,False
2023-08-27 11:45:00,80,55,35,60,15,35,15,20,6,Sunday,False
2023-08-27 12:00:00,75,60,45,55,20,30,15,20,6,Sunday,False
2023-08-27 12:15:00,80,80,45,60,40,30,20,20,6,Sunday,False
2023-08-27 12:30:00,85,70,45,60,45,30,25,30,6,Sunday,False
2023-08-27 12:45:00,85,70,45,45,50,30,15,30,6,Sunday,False
2023-08-27 13:00:00,75,60,45,35,50,35,15,30,6,Sunday,False
2023-08-27 13:15:00,75,55,45,45,45,35,20,20,6,Sunday,False
2023-08-27 13:30:00,75,65,35,50,40,35,25,30,6,Sunday,False
2023-08-27 13:45:00,80,70,35,50,40,20,25,20,6,Sunday,False
2023-08-27 14:00:00,90,70,45,50,35,20,20,30,6,Sunday,False
2023-08-27 14:15:00,85,65,40,45,30,30,30,30,6,Sunday,False
2023-08-27 14:30:00,85,70,35,65,30,40,15,30,6,Sunday,False
2023-08-27 14:45:00,80,70,35,55,40,40,25,30,6,Sunday,False
2023-08-27 15:00:00,80,70,40,65,50,35,20,50,6,Sunday,False
2023-08-27 15:15:00,65,65,45,60,50,35,25,50,6,Sunday,False
2023-08-27 15:30:00,80,75,50,50,35,30,25,20,6,Sunday,False
2023-08-27 15:45:00,90,70,50,45,35,30,30,40,6,Sunday,False
2023-08-27 16:00:00,95,65,50,50,35,30,15,20,6,Sunday,False
2023-08-27 16:15:00,100,65,45,45,35,30,15,20,6,Sunday,False
2023-08-27 16:30:00,90,70,40,35,45,35,20,30,6,Sunday,False
2023-08-27 16:45:00,80,65,30,35,50,40,25,35,6,Sunday,False
2023-08-27 17:00:00,70,55,35,40,40,35,25,35,6,Sunday,False
2023-08-27 17:15:00,75,60,40,50,30,35,15,35,6,Sunday,False
2023-08-27 17:30:00,90,80,40,50,40,35,15,40,6,Sunday,False
2023-08-27 17:45:00,110,85,30,30,40,35,25,20,6,Sunday,False
2023-08-27 18:00:00,100,75,30,30,50,35,20,20,6,Sunday,False
2023-08-27 18:15:00,75,75,35,40,45,35,20,15,6,Sunday,False
2023-08-27 18:30:00,75,65,40,40,25,35,25,35,6,Sunday,False
2023-08-27 18:45:00,75,60,40,35,25,35,20,35,6,Sunday,False
2023-08-27 19:00:00,90,65,35,30,25,30,15,15,6,Sunday,False
2023-08-27 19:15:00,90,65,25,25,20,25,20,20,6,Sunday,False
2023-08-27 19:30:00,85,60,25,30,10,20,20,20,6,Sunday,False
2023-08-27 19:45:00,75,60,25,30,10,15,25,20,6,Sunday,False
2023-08-27 20:00:00,45,50,25,20,5,15,15,15,6,Sunday,False
2023-08-27 20:15:00,30,30,25,10,5,5,15,20,6,Sunday,False
2023-08-27 20:30:00,35,25,25,10,5,5,20,20,6,Sunday,False
2023-08-27 20:45:00,0,0,0,0,5,5,0,20,6,Sunday,False
2023-08-28 09:00:00,120,110,50,0,30,5,0,15,0,Monday,False
2023-08-28 09:15:00,130,95,110,0,40,45,0,20,0,Monday,False
2023-08-28 09:30:00,140,110,80,0,60,70,0,30,0,Monday,False
2023-08-28 09:45:00,150,110,75,0,80,75,0,30,0,Monday,False
2023-08-28 10:00:00,140,105,75,0,85,70,25,50,0,Monday,False
2023-08-28 10:15:00,150,120,75,0,85,70,15,45,0,Monday,False
2023-08-28 10:30:00,130,105,80,0,75,70,25,50,0,Monday,False
2023-08-28 10:45:00,120,105,80,15,70,70,40,35,0,Monday,False
2023-08-28 11:00:00,110,95,85,80,60,60,30,45,0,Monday,False
2023-08-28 11:15:00,100,95,85,100,55,55,30,35,0,Monday,False
2023-08-28 11:30:00,90,75,75,100,60,55,35,45,0,Monday,False
2023-08-28 11:45:00,95,75,70,110,65,60,35,35,0,Monday,False
2023-08-28 12:00:00,100,95,70,120,60,50,40,40,0,Monday,False
2023-08-28 12:15:00,120,95,75,110,55,55,25,20,0,Monday,False
2023-08-28 12:30:00,120,95,70,100,55,55,25,40,0,Monday,False
2023-08-28 12:45:00,105,80,60,95,65,60,25,35,0,Monday,False
2023-08-28 13:00:00,100,85,60,95,65,65,35,35,0,Monday,False
2023-08-28 13:15:00,100,85,70,105,65,65,30,35,0,Monday,False
2023-08-28 13:30:00,100,85,70,105,60,60,35,35,0,Monday,False
2023-08-28 13:45:00,95,90,70,105,55,55,35,40,0,Monday,False
2023-08-28 14:00:00,110,110,70,105,55,55,30,40,0,Monday,False
2023-08-28 14:15:00,110,160,65,105,65,60,30,40,0,Monday,False
2023-08-28 14:30:00,110,180,70,105,65,65,30,40,0,Monday,False
2023-08-28 14:45:00,110,180,70,110,65,65,35,40,0,Monday,False
2023-08-28 15:00:00,110,0,75,110,65,65,40,40,0,Monday,False
2023-08-28 15:15:00,105,0,80,105,70,60,40,50,0,Monday,False
2023-08-28 15:30:00,105,0,80,100,70,65,40,50,0,Monday,False
2023-08-28 15:45:00,110,35,80,90,70,60,30,40,0,Monday,False
2023-08-28 16:00:00,110,80,75,80,70,60,35,20,0,Monday,False
2023-08-28 16:15:00,115,110,70,85,70,60,35,20,0,Monday,False
2023-08-28 16:30:00,125,110,70,100,50,60,25,35,0,Monday,False
2023-08-28 16:45:00,115,95,70,110,45,55,25,50,0,Monday,False
2023-08-28 17:00:00,120,105,70,100,55,55,15,50,0,Monday,False
2023-08-28 17:15:00,125,110,70,90,60,55,15,35,0,Monday,False
2023-08-28 17:30:00,125,110,90,90,60,55,30,50,0,Monday,False
2023-08-28 17:45:00,125,110,85,100,60,60,15,20,0,Monday,False
2023-08-28 18:00:00,135,100,85,100,70,65,25,20,0,Monday,False
2023-08-28 18:15:00,130,85,75,90,70,65,25,35,0,Monday,False
2023-08-28 18:30:00,120,85,70,85,60,65,25,45,0,Monday,False
2023-08-28 18:45:00,110,100,70,75,50,60,15,30,0,Monday,False
2023-08-28 19:00:00,105,100,70,75,45,55,25,30,0,Monday,False
2023-08-28 19:15:00,90,85,70,65,40,45,25,15,0,Monday,False
2023-08-28 19:30:00,90,70,70,65,35,45,25,20,0,Monday,False
2023-08-28 19:45:00,75,60,60,65,35,45,25,20,0,Monday,False
2023-08-28 20:00:00,0,50,55,60,30,25,20,20,0,Monday,False
2023-08-28 20:15:00,0,40,50,0,20,20,15,15,0,Monday,False
2023-08-28 20:30:00,0,0,0,0,15,20,15,20,0,Monday,False
2023-08-28 20:45:00,0,0,0,0,0,0,0,20,0,Monday,False
2023-08-29 09:00:00,120,110,50,55,10,5,0,15,1,Tuesday,False
2023-08-29 09:15:00,130,120,55,60,15,15,0,15,1,Tuesday,False
2023-08-29 09:30:00,130,120,70,70,45,40,0,15,1,Tuesday,False
2023-08-29 09:45:00,150,110,75,80,75,55,0,35,1,Tuesday,False
2023-08-29 10:00:00,140,95,75,80,80,60,25,35,1,Tuesday,False
2023-08-29 10:15:00,130,85,70,80,60,45,20,40,1,Tuesday,False
2023-08-29 10:30:00,105,80,70,70,60,45,25,50,1,Tuesday,False
2023-08-29 10:45:00,95,80,65,70,60,45,20,30,1,Tuesday,False
2023-08-29 11:00:00,95,85,60,70,45,50,25,30,1,Tuesday,False
2023-08-29 11:15:00,95,85,50,60,45,50,25,35,1,Tuesday,False
2023-08-29 11:30:00,95,70,45,60,50,50,30,20,1,Tuesday,False
2023-08-29 11:45:00,105,65,50,70,55,50,35,15,1,Tuesday,False
2023-08-29 12:00:00,105,65,55,70,50,35,25,20,1,Tuesday,False
2023-08-29 12:15:00,100,65,55,70,50,40,20,30,1,Tuesday,False
2023-08-29 12:30:00,80,65,50,65,40,50,25,30,1,Tuesday,False
2023-08-29 12:45:00,85,70,60,65,35,50,30,30,1,Tuesday,False
2023-08-29 13:00:00,85,75,55,60,45,45,30,30,1,Tuesday,False
2023-08-29 13:15:00,85,75,55,60,50,45,20,30,1,Tuesday,False
2023-08-29 13:30:00,85,70,50,60,50,45,20,40,1,Tuesday,False
2023-08-29 13:45:00,80,60,50,65,50,40,20,35,1,Tuesday,False
2023-08-29 14:00:00,90,65,50,70,45,40,30,20,1,Tuesday,False
2023-08-29 14:15:00,90,70,50,70,45,50,25,35,1,Tuesday,False
2023-08-29 14:30:00,95,70,50,65,45,50,30,35,1,Tuesday,False
2023-08-29 14:45:00,95,75,60,60,40,50,30,40,1,Tuesday,False
2023-08-29 15:00:00,95,90,55,70,50,50,20,40,1,Tuesday,False
2023-08-29 15:15:00,95,90,55,65,55,50,25,20,1,Tuesday,False
2023-08-29 15:30:00,95,70,55,65,55,40,35,20,1,Tuesday,False
2023-08-29 15:45:00,95,65,55,65,55,45,20,35,1,Tuesday,False
2023-08-29 16:00:00,95,65,45,65,55,50,35,20,1,Tuesday,False
2023-08-29 16:15:00,85,65,45,65,45,50,35,35,1,Tuesday,False
2023-08-29 16:30:00,90,65,50,60,35,50,20,35,1,Tuesday,False
2023-08-29 16:45:00,90,65,55,50,35,50,25,35,1,Tuesday,False
2023-08-29 17:00:00,100,75,55,50,40,45,25,35,1,Tuesday,False
2023-08-29 17:15:00,95,70,50,60,40,40,25,35,1,Tuesday,False
2023-08-29 17:30:00,95,75,50,60,50,45,15,35,1,Tuesday,False
2023-08-29 17:45:00,100,75,45,55,55,45,25,20,1,Tuesday,False
2023-08-29 18:00:00,110,75,50,50,60,45,20,30,1,Tuesday,False
2023-08-29 18:15:00,100,80,55,50,50,50,25,40,1,Tuesday,False
2023-08-29 18:30:00,95,80,60,55,35,50,20,20,1,Tuesday,False
2023-08-29 18:45:00,100,75,65,55,35,50,15,25,1,Tuesday,False
2023-08-29 19:00:00,100,70,65,45,45,45,15,15,1,Tuesday,False
2023-08-29 19:15:00,90,65,55,40,40,30,15,15,1,Tuesday,False
2023-08-29 19:30:00,85,55,55,40,30,25,25,15,1,Tuesday,False
2023-08-29 19:45:00,75,45,40,40,15,30,25,15,1,Tuesday,False
2023-08-29 20:00:00,0,45,40,40,0,25,15,15,1,Tuesday,False
2023-08-29 20:15:00,0,35,40,30,0,35,15,10,1,Tuesday,False
2023-08-29 20:30:00,0,0,40,25,0,20,15,15,1,Tuesday,False
2023-08-29 20:45:00,0,0,0,0,0,20,0,15,1,Tuesday,False
2023-08-30 09:00:00,100,80,40,80,10,5,0,5,2,Wednesday,False
2023-08-30 09:15:00,115,90,50,80,15,10,0,15,2,Wednesday,False
2023-08-30 09:30:00,125,90,60,60,45,25,0,20,2,Wednesday,False
2023-08-30 09:45:00,120,95,60,65,60,45,0,20,2,Wednesday,False
2023-08-30 10:00:00,120,90,60,65,60,55,15,20,2,Wednesday,False
2023-08-30 10:15:00,120,75,60,65,65,55,20,40,2,Wednesday,False
2023-08-30 10:30:00,105,70,60,65,60,50,20,30,2,Wednesday,False
2023-08-30 10:45:00,95,65,55,65,50,45,25,30,2,Wednesday,False
2023-08-30 11:00:00,70,65,40,65,40,45,25,40,2,Wednesday,False
2023-08-30 11:15:00,70,60,40,60,35,40,30,35,2,Wednesday,False
2023-08-30 11:30:00,80,55,50,60,50,45,25,15,2,Wednesday,False
2023-08-30 11:45:00,85,55,50,55,50,40,25,20,2,Wednesday,False
2023-08-30 12:00:00,100,55,50,55,65,40,20,20,2,Wednesday,False
2023-08-30 12:15:00,95,60,50,55,70,40,35,30,2,Wednesday,False
2023-08-30 12:30:00,85,75,45,60,70,40,25,20,2,Wednesday,False
2023-08-30 12:45:00,85,65,45,65,35,30,15,20,2,Wednesday,False
2023-08-30 13:00:00,85,55,50,60,25,40,20,20,2,Wednesday,False
2023-08-30 13:15:00,85,55,50,55,35,40,20,30,2,Wednesday,False
2023-08-30 13:30:00,75,55,55,55,60,35,20,20,2,Wednesday,False
2023-08-30 13:45:00,80,65,55,55,60,35,25,35,2,Wednesday,False
2023-08-30 14:00:00,80,65,40,60,50,45,25,30,2,Wednesday,False
2023-08-30 14:15:00,80,55,50,60,45,40,30,20,2,Wednesday,False
2023-08-30 14:30:00,85,60,40,55,55,40,15,20,2,Wednesday,False
2023-08-30 14:45:00,85,60,40,55,50,40,15,20,2,Wednesday,False
2023-08-30 15:00:00,85,70,45,55,40,40,20,20,2,Wednesday,False
2023-08-30 15:15:00,75,70,45,55,40,45,25,20,2,Wednesday,False
2023-08-30 15:30:00,70,70,50,50,40,50,25,30,2,Wednesday,False
2023-08-30 15:45:00,70,60,50,50,40,55,25,30,2,Wednesday,False
2023-08-30 16:00:00,80,50,50,50,45,50,25,15,2,Wednesday,False
2023-08-30 16:15:00,90,50,35,50,40,50,15,15,2,Wednesday,False
2023-08-30 16:30:00,95,55,40,50,35,35,15,25,2,Wednesday,False
2023-08-30 16:45:00,85,55,50,45,35,40,20,15,2,Wednesday,False
2023-08-30 17:00:00,80,60,50,50,35,40,25,15,2,Wednesday,False
2023-08-30 17:15:00,85,70,45,60,35,45,15,20,2,Wednesday,False
2023-08-30 17:30:00,80,75,40,50,55,45,15,20,2,Wednesday,False
2023-08-30 17:45:00,80,80,45,45,55,50,20,20,2,Wednesday,False
2023-08-30 18:00:00,80,80,55,50,50,45,20,20,2,Wednesday,False
2023-08-30 18:15:00,60,80,50,45,45,45,25,25,2,Wednesday,False
2023-08-30 18:30:00,75,60,45,45,30,40,25,30,2,Wednesday,False
2023-08-30 18:45:00,90,70,45,45,40,45,15,15,2,Wednesday,False
2023-08-30 19:00:00,85,55,40,50,45,45,15,15,2,Wednesday,False
2023-08-30 19:15:00,85,55,45,40,40,45,15,15,2,Wednesday,False
2023-08-30 19:30:00,80,55,50,30,35,30,20,20,2,Wednesday,False
2023-08-30 19:45:00,70,45,50,30,55,20,15,20,2,Wednesday,False
2023-08-30 20:00:00,65,55,40,30,30,20,20,15,2,Wednesday,False
2023-08-30 20:15:00,60,35,30,30,20,15,25,15,2,Wednesday,False
2023-08-30 20:30:00,55,30,30,20,25,15,25,20,2,Wednesday,False
2023-08-30 20:45:00,0,0,0,0,0,20,0,15,2,Wednesday,False
