,時間,ソアリン,"トイ・
ストーリ
・マニア","タワー・
オブ・
テラー","センター
・オブ・
ジアース","インディ
ジョー
ンズ","レイジング
スピリッツ","マジック
ランプ
シアター","タートル
・トーク",曜日_数値,曜日,休日
0,2022-08-01 09:00:00,90,85,80,40,20,5,0,0,0,Monday,False
0,2022-08-01 09:15:00,95,85,90,45,30,5,0,0,0,Monday,False
0,2022-08-01 09:30:00,95,85,90,50,30,15,0,0,0,Monday,False
0,2022-08-01 09:45:00,90,75,80,45,25,25,0,0,0,Monday,False
0,2022-08-01 10:00:00,80,60,80,45,35,35,10,5,0,Monday,False
0,2022-08-01 10:15:00,75,60,70,35,35,30,15,5,0,Monday,False
0,2022-08-01 10:30:00,65,50,55,35,35,25,20,20,0,Monday,False
0,2022-08-01 10:45:00,60,50,50,35,35,30,25,20,0,Monday,False
0,2022-08-01 11:00:00,60,45,60,40,35,30,25,20,0,Monday,False
0,2022-08-01 11:15:00,60,40,50,35,35,30,10,20,0,Monday,False
0,2022-08-01 11:30:00,60,40,50,35,35,25,15,20,0,Monday,False
0,2022-08-01 11:45:00,65,45,45,35,30,20,15,15,0,Monday,False
0,2022-08-01 12:00:00,70,60,45,35,30,20,20,15,0,Monday,False
0,2022-08-01 12:15:00,70,50,45,35,20,20,25,20,0,Monday,False
0,2022-08-01 12:30:00,60,50,45,40,15,25,15,15,0,Monday,False
0,2022-08-01 12:45:00,45,35,45,35,15,25,15,20,0,Monday,False
0,2022-08-01 13:00:00,45,55,45,30,15,25,15,20,0,Monday,False
0,2022-08-01 13:15:00,60,55,40,30,20,25,20,20,0,Monday,False
0,2022-08-01 13:30:00,70,50,40,25,20,20,20,20,0,Monday,False
0,2022-08-01 13:45:00,60,50,40,25,20,25,20,15,0,Monday,False
0,2022-08-01 14:00:00,60,50,40,30,20,25,25,20,0,Monday,False
0,2022-08-01 14:15:00,50,40,50,30,25,15,15,15,0,Monday,False
0,2022-08-01 14:30:00,50,50,50,30,35,20,15,30,0,Monday,False
0,2022-08-01 14:45:00,60,60,45,30,30,20,15,30,0,Monday,False
0,2022-08-01 15:00:00,65,60,50,30,20,20,20,20,0,Monday,False
0,2022-08-01 15:15:00,55,55,50,30,25,20,25,35,0,Monday,False
0,2022-08-01 15:30:00,55,50,45,20,20,10,25,20,0,Monday,False
0,2022-08-01 15:45:00,55,45,45,20,15,15,30,20,0,Monday,False
0,2022-08-01 16:00:00,55,45,40,20,15,25,15,30,0,Monday,False
0,2022-08-01 16:15:00,55,60,40,20,20,25,20,30,0,Monday,False
0,2022-08-01 16:30:00,60,60,45,20,20,20,25,30,0,Monday,False
0,2022-08-01 16:45:00,60,60,45,25,20,15,50,30,0,Monday,False
0,2022-08-01 17:00:00,55,55,40,25,15,15,35,30,0,Monday,False
0,2022-08-01 17:15:00,55,55,40,20,10,15,25,15,0,Monday,False
0,2022-08-01 17:30:00,50,45,40,25,5,15,25,20,0,Monday,False
0,2022-08-01 17:45:00,60,45,45,20,10,15,25,20,0,Monday,False
0,2022-08-01 18:00:00,70,65,45,20,20,15,15,20,0,Monday,False
0,2022-08-01 18:15:00,65,60,45,20,15,25,20,20,0,Monday,False
0,2022-08-01 18:30:00,60,55,50,20,15,20,20,20,0,Monday,False
0,2022-08-01 18:45:00,60,50,50,20,15,20,25,20,0,Monday,False
0,2022-08-01 19:00:00,60,40,45,20,10,20,25,15,0,Monday,False
0,2022-08-01 19:15:00,60,45,45,20,10,20,15,15,0,Monday,False
0,2022-08-01 19:30:00,60,55,55,20,5,15,15,20,0,Monday,False
0,2022-08-01 19:45:00,70,55,60,20,5,5,25,15,0,Monday,False
0,2022-08-01 20:00:00,0,0,60,20,5,10,0,20,0,Monday,False
0,2022-08-01 20:15:00,0,0,0,20,5,10,0,20,0,Monday,False
0,2022-08-01 20:30:00,0,0,0,20,5,10,0,20,0,Monday,False
0,2022-08-01 20:45:00,0,0,0,15,5,5,0,20,0,Monday,False
0,2022-08-02 09:00:00,90,80,80,40,30,10,0,0,1,Tuesday,False
0,2022-08-02 09:15:00,90,85,90,45,30,5,0,0,1,Tuesday,False
0,2022-08-02 09:30:00,95,80,75,45,20,20,0,0,1,Tuesday,False
0,2022-08-02 09:45:00,90,75,70,45,25,20,0,0,1,Tuesday,False
0,2022-08-02 10:00:00,85,60,70,45,30,25,10,5,1,Tuesday,False
0,2022-08-02 10:15:00,65,50,55,40,35,25,25,20,1,Tuesday,False
0,2022-08-02 10:30:00,65,45,55,40,35,25,20,20,1,Tuesday,False
0,2022-08-02 10:45:00,60,55,55,35,30,25,25,20,1,Tuesday,False
0,2022-08-02 11:00:00,60,55,45,30,30,25,25,20,1,Tuesday,False
0,2022-08-02 11:15:00,50,50,45,30,30,25,15,20,1,Tuesday,False
0,2022-08-02 11:30:00,55,45,50,30,25,25,15,20,1,Tuesday,False
0,2022-08-02 11:45:00,50,45,45,35,20,20,20,20,1,Tuesday,False
0,2022-08-02 12:00:00,50,45,40,40,20,15,20,15,1,Tuesday,False
0,2022-08-02 12:15:00,45,40,50,35,20,20,25,15,1,Tuesday,False
0,2022-08-02 12:30:00,45,40,50,35,20,20,25,15,1,Tuesday,False
0,2022-08-02 12:45:00,55,50,55,30,20,20,15,20,1,Tuesday,False
0,2022-08-02 13:00:00,60,55,60,25,20,15,15,15,1,Tuesday,False
0,2022-08-02 13:15:00,60,50,50,30,20,15,15,15,1,Tuesday,False
0,2022-08-02 13:30:00,45,50,45,0,20,15,20,20,1,Tuesday,False
0,2022-08-02 13:45:00,50,45,45,0,20,15,25,20,1,Tuesday,False
0,2022-08-02 14:00:00,55,45,40,0,20,10,25,20,1,Tuesday,False
0,2022-08-02 14:15:00,50,55,40,0,25,15,15,20,1,Tuesday,False
0,2022-08-02 14:30:00,55,60,55,0,35,20,15,20,1,Tuesday,False
0,2022-08-02 14:45:00,60,60,60,10,30,20,20,30,1,Tuesday,False
0,2022-08-02 15:00:00,55,60,60,30,20,20,20,20,1,Tuesday,False
0,2022-08-02 15:15:00,50,55,50,35,15,20,25,25,1,Tuesday,False
0,2022-08-02 15:30:00,45,50,35,35,10,15,15,20,1,Tuesday,False
0,2022-08-02 15:45:00,50,45,35,35,15,15,15,15,1,Tuesday,False
0,2022-08-02 16:00:00,55,40,40,35,15,5,15,30,1,Tuesday,False
0,2022-08-02 16:15:00,50,50,50,35,15,10,25,20,1,Tuesday,False
0,2022-08-02 16:30:00,50,50,45,25,15,15,15,20,1,Tuesday,False
0,2022-08-02 16:45:00,50,50,45,25,15,20,20,20,1,Tuesday,False
0,2022-08-02 17:00:00,45,45,40,25,10,15,40,20,1,Tuesday,False
0,2022-08-02 17:15:00,50,45,35,25,5,10,20,20,1,Tuesday,False
0,2022-08-02 17:30:00,55,50,40,25,5,5,25,20,1,Tuesday,False
0,2022-08-02 17:45:00,60,55,50,25,10,10,25,15,1,Tuesday,False
0,2022-08-02 18:00:00,60,60,45,30,15,15,15,30,1,Tuesday,False
0,2022-08-02 18:15:00,60,55,45,30,20,15,15,15,1,Tuesday,False
0,2022-08-02 18:30:00,60,50,50,25,15,15,20,20,1,Tuesday,False
0,2022-08-02 18:45:00,55,50,40,25,10,10,25,15,1,Tuesday,False
0,2022-08-02 19:00:00,60,45,40,25,5,10,25,20,1,Tuesday,False
0,2022-08-02 19:15:00,60,40,45,20,5,10,20,20,1,Tuesday,False
0,2022-08-02 19:30:00,60,50,50,15,5,10,15,20,1,Tuesday,False
0,2022-08-02 19:45:00,55,50,55,20,5,10,25,20,1,Tuesday,False
0,2022-08-02 20:00:00,0,50,50,25,5,5,0,15,1,Tuesday,False
0,2022-08-02 20:15:00,0,45,45,20,5,5,0,15,1,Tuesday,False
0,2022-08-02 20:30:00,0,0,0,20,10,5,0,15,1,Tuesday,False
0,2022-08-02 20:45:00,0,0,0,15,10,5,0,25,1,Tuesday,False
0,2022-08-03 09:00:00,90,80,90,45,5,5,0,0,2,Wednesday,False
0,2022-08-03 09:15:00,90,80,90,50,30,5,0,0,2,Wednesday,False
0,2022-08-03 09:30:00,90,70,80,50,30,20,0,0,2,Wednesday,False
0,2022-08-03 09:45:00,80,80,80,50,30,30,0,0,2,Wednesday,False
0,2022-08-03 10:00:00,70,80,80,50,30,30,5,15,2,Wednesday,False
0,2022-08-03 10:15:00,70,70,70,50,30,25,15,20,2,Wednesday,False
0,2022-08-03 10:30:00,60,60,60,45,30,25,20,20,2,Wednesday,False
0,2022-08-03 10:45:00,60,60,50,0,30,25,25,20,2,Wednesday,False
0,2022-08-03 11:00:00,55,40,45,0,35,25,25,20,2,Wednesday,False
0,2022-08-03 11:15:00,60,40,45,0,35,25,15,20,2,Wednesday,False
0,2022-08-03 11:30:00,60,45,45,0,35,25,20,15,2,Wednesday,False
0,2022-08-03 11:45:00,55,50,45,0,30,25,20,15,2,Wednesday,False
0,2022-08-03 12:00:00,55,60,45,10,20,25,20,15,2,Wednesday,False
0,2022-08-03 12:15:00,50,65,50,25,20,25,25,10,2,Wednesday,False
0,2022-08-03 12:30:00,45,50,50,45,20,25,25,20,2,Wednesday,False
0,2022-08-03 12:45:00,55,40,45,45,20,25,15,15,2,Wednesday,False
0,2022-08-03 13:00:00,55,50,45,45,20,25,15,15,2,Wednesday,False
0,2022-08-03 13:15:00,55,50,45,45,25,20,15,15,2,Wednesday,False
0,2022-08-03 13:30:00,45,55,40,40,20,15,20,15,2,Wednesday,False
0,2022-08-03 13:45:00,55,55,40,35,20,20,25,15,2,Wednesday,False
0,2022-08-03 14:00:00,60,50,45,35,15,15,15,20,2,Wednesday,False
0,2022-08-03 14:15:00,55,45,45,40,25,15,20,20,2,Wednesday,False
0,2022-08-03 14:30:00,50,55,45,45,30,20,15,20,2,Wednesday,False
0,2022-08-03 14:45:00,55,50,45,40,30,20,15,25,2,Wednesday,False
0,2022-08-03 15:00:00,50,45,45,40,20,20,20,15,2,Wednesday,False
0,2022-08-03 15:15:00,45,45,45,40,20,10,20,15,2,Wednesday,False
0,2022-08-03 15:30:00,55,50,50,40,20,15,30,15,2,Wednesday,False
0,2022-08-03 15:45:00,55,50,50,35,15,10,15,20,2,Wednesday,False
0,2022-08-03 16:00:00,50,45,50,35,15,15,20,30,2,Wednesday,False
0,2022-08-03 16:15:00,50,60,50,35,20,15,20,25,2,Wednesday,False
0,2022-08-03 16:30:00,50,55,50,35,20,15,25,25,2,Wednesday,False
0,2022-08-03 16:45:00,55,55,50,40,20,15,15,20,2,Wednesday,False
0,2022-08-03 17:00:00,60,50,50,30,15,20,30,20,2,Wednesday,False
0,2022-08-03 17:15:00,55,45,50,30,10,15,20,20,2,Wednesday,False
0,2022-08-03 17:30:00,60,40,35,30,5,20,25,20,2,Wednesday,False
0,2022-08-03 17:45:00,60,55,35,30,10,20,25,20,2,Wednesday,False
0,2022-08-03 18:00:00,65,60,45,35,20,15,30,15,2,Wednesday,False
0,2022-08-03 18:15:00,65,60,45,35,15,20,15,15,2,Wednesday,False
0,2022-08-03 18:30:00,65,55,50,30,15,20,20,15,2,Wednesday,False
0,2022-08-03 18:45:00,65,55,45,30,15,20,25,30,2,Wednesday,False
0,2022-08-03 19:00:00,65,45,45,30,15,15,15,20,2,Wednesday,False
0,2022-08-03 19:15:00,60,45,45,30,10,10,15,15,2,Wednesday,False
0,2022-08-03 19:30:00,65,55,60,30,10,15,15,15,2,Wednesday,False
0,2022-08-03 19:45:00,70,55,60,30,5,15,20,15,2,Wednesday,False
0,2022-08-03 20:00:00,0,45,0,30,5,5,0,15,2,Wednesday,False
0,2022-08-03 20:15:00,0,50,0,25,5,10,0,15,2,Wednesday,False
0,2022-08-03 20:30:00,0,0,0,20,5,10,0,15,2,Wednesday,False
0,2022-08-03 20:45:00,0,0,0,20,5,0,0,20,2,Wednesday,False
0,2022-08-04 09:00:00,90,85,70,45,20,15,0,0,3,Thursday,False
0,2022-08-04 09:15:00,90,95,60,45,25,15,0,0,3,Thursday,False
0,2022-08-04 09:30:00,85,90,65,40,30,25,0,0,3,Thursday,False
0,2022-08-04 09:45:00,85,80,65,35,35,15,0,0,3,Thursday,False
0,2022-08-04 10:00:00,70,70,65,35,35,15,5,5,3,Thursday,False
0,2022-08-04 10:15:00,65,60,60,45,30,30,15,20,3,Thursday,False
0,2022-08-04 10:30:00,65,60,55,45,30,30,15,15,3,Thursday,False
0,2022-08-04 10:45:00,65,50,55,45,30,0,20,15,3,Thursday,False
0,2022-08-04 11:00:00,0,45,55,40,30,0,25,20,3,Thursday,False
0,2022-08-04 11:15:00,0,45,55,0,30,0,15,20,3,Thursday,False
0,2022-08-04 11:30:00,0,50,55,0,30,0,15,20,3,Thursday,False
0,2022-08-04 11:45:00,35,60,60,0,30,5,20,15,3,Thursday,False
0,2022-08-04 12:00:00,70,60,50,0,25,20,20,15,3,Thursday,False
0,2022-08-04 12:15:00,70,60,50,0,25,30,25,15,3,Thursday,False
0,2022-08-04 12:30:00,60,60,45,0,25,40,25,15,3,Thursday,False
0,2022-08-04 12:45:00,60,55,45,0,30,40,15,30,3,Thursday,False
0,2022-08-04 13:00:00,60,60,45,0,30,35,15,20,3,Thursday,False
0,2022-08-04 13:15:00,60,60,45,0,30,30,15,15,3,Thursday,False
0,2022-08-04 13:30:00,70,60,45,0,25,35,20,15,3,Thursday,False
0,2022-08-04 13:45:00,70,55,60,0,25,35,25,15,3,Thursday,False
0,2022-08-04 14:00:00,70,50,55,0,25,40,25,20,3,Thursday,False
0,2022-08-04 14:15:00,55,55,50,0,40,40,15,15,3,Thursday,False
0,2022-08-04 14:30:00,55,65,50,5,40,30,15,20,3,Thursday,False
0,2022-08-04 14:45:00,60,70,50,0,35,25,15,20,3,Thursday,False
0,2022-08-04 15:00:00,80,70,55,0,30,30,20,20,3,Thursday,False
0,2022-08-04 15:15:00,70,60,55,0,30,30,25,20,3,Thursday,False
0,2022-08-04 15:30:00,70,60,60,0,30,35,15,20,3,Thursday,False
0,2022-08-04 15:45:00,60,55,55,0,25,30,15,25,3,Thursday,False
0,2022-08-04 16:00:00,75,65,55,0,25,25,15,25,3,Thursday,False
0,2022-08-04 16:15:00,70,60,55,0,25,25,20,35,3,Thursday,False
0,2022-08-04 16:30:00,70,60,70,0,20,15,15,30,3,Thursday,False
0,2022-08-04 16:45:00,70,65,70,20,15,10,15,20,3,Thursday,False
0,2022-08-04 17:00:00,55,55,60,50,10,15,35,35,3,Thursday,False
0,2022-08-04 17:15:00,60,55,45,60,5,20,25,20,3,Thursday,False
0,2022-08-04 17:30:00,65,55,45,60,10,15,20,20,3,Thursday,False
0,2022-08-04 17:45:00,65,55,55,60,15,15,25,20,3,Thursday,False
0,2022-08-04 18:00:00,70,60,60,65,20,15,25,25,3,Thursday,False
0,2022-08-04 18:15:00,0,0,55,70,15,0,25,25,3,Thursday,False
0,2022-08-04 18:30:00,0,0,40,70,10,0,20,15,3,Thursday,False
0,2022-08-04 18:45:00,0,0,40,60,5,0,15,20,3,Thursday,False
0,2022-08-04 19:00:00,0,20,55,55,5,0,25,15,3,Thursday,False
0,2022-08-04 19:15:00,35,40,45,55,5,5,15,15,3,Thursday,False
0,2022-08-04 19:30:00,65,50,45,45,5,5,15,15,3,Thursday,False
0,2022-08-04 19:45:00,60,60,50,45,5,5,20,20,3,Thursday,False
0,2022-08-04 20:00:00,50,50,55,40,10,10,0,20,3,Thursday,False
0,2022-08-04 20:15:00,45,45,45,35,10,10,0,15,3,Thursday,False
0,2022-08-04 20:30:00,0,0,0,30,10,5,0,15,3,Thursday,False
0,2022-08-04 20:45:00,0,0,0,0,0,5,0,15,3,Thursday,False
0,2022-08-05 09:00:00,110,5,80,0,35,5,0,0,4,Friday,False
0,2022-08-05 09:15:00,130,100,90,0,50,30,0,0,4,Friday,False
0,2022-08-05 09:30:00,125,105,100,0,45,40,0,0,4,Friday,False
0,2022-08-05 09:45:00,105,90,100,0,50,45,0,0,4,Friday,False
0,2022-08-05 10:00:00,95,90,110,20,45,40,5,20,4,Friday,False
0,2022-08-05 10:15:00,110,85,85,50,35,30,20,20,4,Friday,False
0,2022-08-05 10:30:00,100,85,65,50,40,35,20,30,4,Friday,False
0,2022-08-05 10:45:00,90,75,55,50,40,35,25,25,4,Friday,False
0,2022-08-05 11:00:00,80,65,50,45,35,40,25,20,4,Friday,False
0,2022-08-05 11:15:00,80,65,50,45,40,30,25,20,4,Friday,False
0,2022-08-05 11:30:00,80,65,50,50,30,30,25,20,4,Friday,False
0,2022-08-05 11:45:00,70,65,40,45,30,30,20,20,4,Friday,False
0,2022-08-05 12:00:00,70,65,40,40,35,30,25,15,4,Friday,False
0,2022-08-05 12:15:00,85,65,40,40,30,25,25,15,4,Friday,False
0,2022-08-05 12:30:00,90,60,45,45,30,30,20,15,4,Friday,False
0,2022-08-05 12:45:00,80,55,45,45,35,30,30,15,4,Friday,False
0,2022-08-05 13:00:00,80,70,55,45,35,30,30,30,4,Friday,False
0,2022-08-05 13:15:00,80,65,60,40,35,30,15,30,4,Friday,False
0,2022-08-05 13:30:00,85,60,60,40,35,25,20,15,4,Friday,False
0,2022-08-05 13:45:00,85,55,50,40,30,25,25,15,4,Friday,False
0,2022-08-05 14:00:00,80,60,50,40,25,30,15,20,4,Friday,False
0,2022-08-05 14:15:00,80,70,50,40,30,30,15,20,4,Friday,False
0,2022-08-05 14:30:00,80,75,55,40,45,30,15,30,4,Friday,False
0,2022-08-05 14:45:00,80,70,50,40,40,30,25,30,4,Friday,False
0,2022-08-05 15:00:00,70,60,55,40,35,35,25,30,4,Friday,False
0,2022-08-05 15:15:00,80,60,55,35,25,35,20,30,4,Friday,False
0,2022-08-05 15:30:00,80,60,50,40,25,30,25,30,4,Friday,False
0,2022-08-05 15:45:00,80,65,45,40,30,30,20,30,4,Friday,False
0,2022-08-05 16:00:00,70,60,40,35,30,25,15,15,4,Friday,False
0,2022-08-05 16:15:00,70,60,50,35,25,25,20,30,4,Friday,False
0,2022-08-05 16:30:00,75,65,55,35,25,25,25,35,4,Friday,False
0,2022-08-05 16:45:00,80,65,55,30,20,20,45,35,4,Friday,False
0,2022-08-05 17:00:00,80,60,55,25,15,20,30,20,4,Friday,False
0,2022-08-05 17:15:00,85,65,45,30,15,20,20,20,4,Friday,False
0,2022-08-05 17:30:00,85,65,40,35,20,20,25,20,4,Friday,False
0,2022-08-05 17:45:00,80,70,45,35,20,25,25,30,4,Friday,False
0,2022-08-05 18:00:00,95,70,45,40,20,25,15,30,4,Friday,False
0,2022-08-05 18:15:00,95,75,45,40,25,25,20,35,4,Friday,False
0,2022-08-05 18:30:00,80,70,45,35,20,25,25,15,4,Friday,False
0,2022-08-05 18:45:00,80,70,55,30,15,25,25,20,4,Friday,False
0,2022-08-05 19:00:00,90,60,50,30,15,25,25,15,4,Friday,False
0,2022-08-05 19:15:00,95,60,40,30,15,25,15,25,4,Friday,False
0,2022-08-05 19:30:00,85,70,50,30,5,15,20,20,4,Friday,False
0,2022-08-05 19:45:00,0,65,60,30,5,15,25,15,4,Friday,False
0,2022-08-05 20:00:00,0,0,55,25,15,15,0,20,4,Friday,False
0,2022-08-05 20:15:00,0,0,0,25,10,10,0,20,4,Friday,False
0,2022-08-05 20:30:00,0,0,0,25,5,15,0,15,4,Friday,False
0,2022-08-05 20:45:00,0,0,0,20,5,0,0,25,4,Friday,False
0,2022-08-06 09:00:00,140,120,90,40,25,5,0,0,5,Saturday,False
0,2022-08-06 09:15:00,150,120,90,45,25,5,0,0,5,Saturday,False
0,2022-08-06 09:30:00,140,120,90,50,40,25,0,0,5,Saturday,False
0,2022-08-06 09:45:00,140,110,100,55,45,35,0,0,5,Saturday,False
0,2022-08-06 10:00:00,110,100,90,60,50,40,5,5,5,Saturday,False
0,2022-08-06 10:15:00,110,95,80,60,45,45,20,5,5,Saturday,False
0,2022-08-06 10:30:00,110,95,70,60,45,40,20,30,5,Saturday,False
0,2022-08-06 10:45:00,90,90,70,55,45,40,25,20,5,Saturday,False
0,2022-08-06 11:00:00,100,80,70,55,45,35,10,20,5,Saturday,False
0,2022-08-06 11:15:00,100,75,60,45,45,35,15,20,5,Saturday,False
0,2022-08-06 11:30:00,100,75,60,45,40,40,15,20,5,Saturday,False
0,2022-08-06 11:45:00,95,70,70,45,35,35,15,25,5,Saturday,False
0,2022-08-06 12:00:00,90,65,80,45,35,35,20,20,5,Saturday,False
0,2022-08-06 12:15:00,80,70,80,45,40,35,25,20,5,Saturday,False
0,2022-08-06 12:30:00,90,85,55,0,40,35,15,25,5,Saturday,False
0,2022-08-06 12:45:00,100,80,55,0,40,35,15,20,5,Saturday,False
0,2022-08-06 13:00:00,110,80,60,0,40,40,15,25,5,Saturday,False
0,2022-08-06 13:15:00,100,80,70,0,40,40,25,30,5,Saturday,False
0,2022-08-06 13:30:00,90,80,65,0,40,40,20,30,5,Saturday,False
0,2022-08-06 13:45:00,90,80,75,0,40,35,20,30,5,Saturday,False
0,2022-08-06 14:00:00,95,80,75,10,40,40,25,35,5,Saturday,False
0,2022-08-06 14:15:00,95,85,75,50,50,35,15,35,5,Saturday,False
0,2022-08-06 14:30:00,90,85,75,55,45,35,15,35,5,Saturday,False
0,2022-08-06 14:45:00,95,85,70,55,45,40,25,35,5,Saturday,False
0,2022-08-06 15:00:00,100,85,65,55,35,40,20,25,5,Saturday,False
0,2022-08-06 15:15:00,95,80,60,50,35,35,25,30,5,Saturday,False
0,2022-08-06 15:30:00,95,65,60,50,40,35,20,35,5,Saturday,False
0,2022-08-06 15:45:00,95,65,60,50,40,25,15,25,5,Saturday,False
0,2022-08-06 16:00:00,90,80,60,50,40,30,20,35,5,Saturday,False
0,2022-08-06 16:15:00,90,80,60,50,35,30,20,35,5,Saturday,False
0,2022-08-06 16:30:00,100,80,70,60,35,40,25,45,5,Saturday,False
0,2022-08-06 16:45:00,100,80,75,65,35,40,45,35,5,Saturday,False
0,2022-08-06 17:00:00,105,70,75,60,30,35,35,30,5,Saturday,False
0,2022-08-06 17:15:00,105,70,65,55,30,35,20,35,5,Saturday,False
0,2022-08-06 17:30:00,105,70,55,55,30,35,25,15,5,Saturday,False
0,2022-08-06 17:45:00,100,75,70,45,30,25,25,20,5,Saturday,False
0,2022-08-06 18:00:00,105,90,90,55,30,25,15,30,5,Saturday,False
0,2022-08-06 18:15:00,110,90,80,55,30,30,25,20,5,Saturday,False
0,2022-08-06 18:30:00,120,80,75,55,25,35,20,30,5,Saturday,False
0,2022-08-06 18:45:00,120,65,75,55,25,30,15,30,5,Saturday,False
0,2022-08-06 19:00:00,110,65,90,55,30,30,15,15,5,Saturday,False
0,2022-08-06 19:15:00,100,70,90,50,25,30,15,15,5,Saturday,False
0,2022-08-06 19:30:00,90,80,70,45,20,30,15,30,5,Saturday,False
0,2022-08-06 19:45:00,80,0,65,45,20,25,25,30,5,Saturday,False
0,2022-08-06 20:00:00,0,0,0,45,15,20,0,15,5,Saturday,False
0,2022-08-06 20:15:00,0,0,0,45,15,20,0,20,5,Saturday,False
0,2022-08-06 20:30:00,0,0,0,45,15,25,0,15,5,Saturday,False
0,2022-08-06 20:45:00,0,0,0,0,10,0,0,30,5,Saturday,False
0,2022-08-07 09:00:00,130,120,90,45,10,5,0,0,6,Sunday,False
0,2022-08-07 09:15:00,130,120,100,55,15,5,0,0,6,Sunday,False
0,2022-08-07 09:30:00,120,120,90,50,30,30,0,0,6,Sunday,False
0,2022-08-07 09:45:00,120,100,90,55,45,40,0,0,6,Sunday,False
0,2022-08-07 10:00:00,130,95,90,55,45,40,15,15,6,Sunday,False
0,2022-08-07 10:15:00,120,90,90,55,45,40,20,20,6,Sunday,False
0,2022-08-07 10:30:00,100,80,90,50,40,30,25,20,6,Sunday,False
0,2022-08-07 10:45:00,90,80,80,50,40,30,25,20,6,Sunday,False
0,2022-08-07 11:00:00,90,70,70,50,40,35,25,20,6,Sunday,False
0,2022-08-07 11:15:00,85,60,70,45,35,40,20,25,6,Sunday,False
0,2022-08-07 11:30:00,90,60,70,45,30,35,20,25,6,Sunday,False
0,2022-08-07 11:45:00,95,65,70,45,30,35,20,25,6,Sunday,False
0,2022-08-07 12:00:00,95,70,70,45,30,30,20,20,6,Sunday,False
0,2022-08-07 12:15:00,85,65,70,50,35,30,20,15,6,Sunday,False
0,2022-08-07 12:30:00,75,70,70,50,40,25,15,15,6,Sunday,False
0,2022-08-07 12:45:00,85,70,60,50,40,30,15,20,6,Sunday,False
0,2022-08-07 13:00:00,90,80,70,45,35,35,15,25,6,Sunday,False
0,2022-08-07 13:15:00,90,75,80,45,40,30,15,30,6,Sunday,False
0,2022-08-07 13:30:00,80,70,80,45,30,25,20,30,6,Sunday,False
0,2022-08-07 13:45:00,80,65,75,45,30,30,25,15,6,Sunday,False
0,2022-08-07 14:00:00,75,55,70,40,25,35,25,20,6,Sunday,False
0,2022-08-07 14:15:00,65,60,60,40,45,35,15,20,6,Sunday,False
0,2022-08-07 14:30:00,80,70,60,40,40,35,15,20,6,Sunday,False
0,2022-08-07 14:45:00,90,75,60,50,40,35,15,20,6,Sunday,False
0,2022-08-07 15:00:00,75,70,60,50,25,25,25,20,6,Sunday,False
0,2022-08-07 15:15:00,75,70,60,50,25,25,25,35,6,Sunday,False
0,2022-08-07 15:30:00,80,65,65,50,35,30,30,30,6,Sunday,False
0,2022-08-07 15:45:00,80,70,70,45,35,35,15,30,6,Sunday,False
0,2022-08-07 16:00:00,80,65,65,40,30,35,20,30,6,Sunday,False
0,2022-08-07 16:15:00,75,65,65,35,30,35,20,30,6,Sunday,False
0,2022-08-07 16:30:00,70,65,70,40,30,35,25,35,6,Sunday,False
0,2022-08-07 16:45:00,70,60,60,45,25,30,15,35,6,Sunday,False
0,2022-08-07 17:00:00,70,65,55,35,20,30,30,35,6,Sunday,False
0,2022-08-07 17:15:00,80,70,55,35,20,25,20,30,6,Sunday,False
0,2022-08-07 17:30:00,80,65,60,35,20,25,25,20,6,Sunday,False
0,2022-08-07 17:45:00,75,65,65,35,20,25,25,25,6,Sunday,False
0,2022-08-07 18:00:00,80,75,75,40,25,25,10,35,6,Sunday,False
0,2022-08-07 18:15:00,100,75,75,40,25,30,15,35,6,Sunday,False
0,2022-08-07 18:30:00,90,65,75,40,20,30,25,30,6,Sunday,False
0,2022-08-07 18:45:00,80,65,75,35,20,25,25,20,6,Sunday,False
0,2022-08-07 19:00:00,80,65,75,30,20,25,15,20,6,Sunday,False
0,2022-08-07 19:15:00,80,65,80,30,20,30,15,20,6,Sunday,False
0,2022-08-07 19:30:00,80,70,90,35,15,25,20,20,6,Sunday,False
0,2022-08-07 19:45:00,80,70,70,35,10,20,25,15,6,Sunday,False
0,2022-08-07 20:00:00,0,55,0,35,15,20,0,15,6,Sunday,False
0,2022-08-07 20:15:00,0,0,0,30,10,20,0,20,6,Sunday,False
0,2022-08-07 20:30:00,0,0,0,25,5,10,0,15,6,Sunday,False
0,2022-08-07 20:45:00,0,0,0,0,5,5,0,20,6,Sunday,False
0,2022-08-08 09:00:00,120,100,80,60,30,10,0,0,0,Monday,False
0,2022-08-08 09:15:00,110,110,80,60,40,5,0,0,0,Monday,False
0,2022-08-08 09:30:00,110,105,100,60,40,35,0,0,0,Monday,False
0,2022-08-08 09:45:00,120,100,100,60,45,45,0,0,0,Monday,False
0,2022-08-08 10:00:00,90,80,100,60,50,40,15,5,0,Monday,False
0,2022-08-08 10:15:00,90,90,100,65,50,40,15,20,0,Monday,False
0,2022-08-08 10:30:00,80,90,90,65,45,40,20,35,0,Monday,False
0,2022-08-08 10:45:00,100,90,90,65,40,40,20,35,0,Monday,False
0,2022-08-08 11:00:00,100,85,80,65,45,40,15,30,0,Monday,False
0,2022-08-08 11:15:00,95,85,80,65,45,35,15,20,0,Monday,False
0,2022-08-08 11:30:00,90,80,80,65,50,40,15,35,0,Monday,False
0,2022-08-08 11:45:00,90,80,80,70,45,40,15,30,0,Monday,False
0,2022-08-08 12:00:00,95,80,80,65,45,40,20,25,0,Monday,False
0,2022-08-08 12:15:00,95,85,80,65,45,40,20,30,0,Monday,False
0,2022-08-08 12:30:00,95,75,80,65,40,35,25,30,0,Monday,False
0,2022-08-08 12:45:00,85,55,90,55,40,40,15,30,0,Monday,False
0,2022-08-08 13:00:00,85,75,70,55,40,35,15,30,0,Monday,False
0,2022-08-08 13:15:00,85,90,70,60,40,35,15,30,0,Monday,False
0,2022-08-08 13:30:00,90,90,70,60,40,40,15,35,0,Monday,False
0,2022-08-08 13:45:00,95,90,70,55,40,35,25,20,0,Monday,False
0,2022-08-08 14:00:00,95,90,65,55,40,35,25,20,0,Monday,False
0,2022-08-08 14:15:00,100,70,70,0,55,40,20,20,0,Monday,False
0,2022-08-08 14:30:00,100,75,70,0,55,45,15,35,0,Monday,False
0,2022-08-08 14:45:00,110,85,70,0,60,45,15,30,0,Monday,False
0,2022-08-08 15:00:00,100,85,70,0,55,45,15,40,0,Monday,False
0,2022-08-08 15:15:00,95,85,90,0,45,45,25,45,0,Monday,False
0,2022-08-08 15:30:00,95,85,90,0,50,40,25,35,0,Monday,False
0,2022-08-08 15:45:00,100,90,100,0,45,40,35,30,0,Monday,False
0,2022-08-08 16:00:00,110,85,90,0,45,40,25,35,0,Monday,False
0,2022-08-08 16:15:00,110,90,100,5,45,40,25,20,0,Monday,False
0,2022-08-08 16:30:00,100,95,80,60,40,40,25,35,0,Monday,False
0,2022-08-08 16:45:00,90,80,80,80,35,35,15,35,0,Monday,False
0,2022-08-08 17:00:00,100,85,75,75,35,35,35,35,0,Monday,False
0,2022-08-08 17:15:00,110,80,80,70,35,35,20,35,0,Monday,False
0,2022-08-08 17:30:00,120,80,75,65,40,35,20,25,0,Monday,False
0,2022-08-08 17:45:00,115,80,90,60,40,35,25,30,0,Monday,False
0,2022-08-08 18:00:00,115,90,80,70,35,35,15,30,0,Monday,False
0,2022-08-08 18:15:00,115,90,90,70,40,35,20,35,0,Monday,False
0,2022-08-08 18:30:00,115,75,75,70,40,35,20,35,0,Monday,False
0,2022-08-08 18:45:00,110,75,80,65,35,40,25,20,0,Monday,False
0,2022-08-08 19:00:00,105,80,90,65,30,35,15,20,0,Monday,False
0,2022-08-08 19:15:00,105,80,100,65,30,30,15,20,0,Monday,False
0,2022-08-08 19:30:00,0,80,0,65,35,25,15,20,0,Monday,False
0,2022-08-08 19:45:00,0,80,0,65,30,30,20,15,0,Monday,False
0,2022-08-08 20:00:00,0,0,0,65,35,30,0,15,0,Monday,False
0,2022-08-08 20:15:00,0,0,0,0,25,35,0,20,0,Monday,False
0,2022-08-08 20:30:00,0,0,0,0,0,0,0,20,0,Monday,False
0,2022-08-08 20:45:00,0,0,0,0,0,0,0,35,0,Monday,False
0,2022-08-09 09:00:00,170,120,90,5,50,20,0,0,1,Tuesday,False
0,2022-08-09 09:15:00,140,130,100,0,45,25,0,0,1,Tuesday,False
0,2022-08-09 09:30:00,130,130,120,0,45,45,0,0,1,Tuesday,False
0,2022-08-09 09:45:00,130,120,120,25,50,45,0,0,1,Tuesday,False
0,2022-08-09 10:00:00,110,100,120,60,50,45,5,15,1,Tuesday,False
0,2022-08-09 10:15:00,110,100,120,75,50,40,15,20,1,Tuesday,False
0,2022-08-09 10:30:00,120,90,110,80,50,45,20,20,1,Tuesday,False
0,2022-08-09 10:45:00,110,90,110,80,50,45,25,35,1,Tuesday,False
0,2022-08-09 11:00:00,110,90,90,80,50,40,25,30,1,Tuesday,False
0,2022-08-09 11:15:00,110,90,80,75,50,40,15,20,1,Tuesday,False
0,2022-08-09 11:30:00,105,90,80,80,45,40,15,30,1,Tuesday,False
0,2022-08-09 11:45:00,100,90,80,80,50,40,20,30,1,Tuesday,False
0,2022-08-09 12:00:00,110,90,60,75,45,35,20,30,1,Tuesday,False
0,2022-08-09 12:15:00,110,90,50,70,45,35,25,30,1,Tuesday,False
0,2022-08-09 12:30:00,110,90,60,70,45,35,30,20,1,Tuesday,False
0,2022-08-09 12:45:00,110,90,80,65,50,40,20,25,1,Tuesday,False
0,2022-08-09 13:00:00,110,85,90,65,50,35,15,35,1,Tuesday,False
0,2022-08-09 13:15:00,105,85,80,70,40,35,25,35,1,Tuesday,False
0,2022-08-09 13:30:00,100,85,80,70,40,35,20,20,1,Tuesday,False
0,2022-08-09 13:45:00,100,85,80,70,40,40,25,30,1,Tuesday,False
0,2022-08-09 14:00:00,0,0,0,0,0,0,0,0,1,Tuesday,False
0,2022-08-09 14:15:00,110,95,80,70,55,40,20,30,1,Tuesday,False
0,2022-08-09 14:30:00,120,95,80,70,50,40,20,45,1,Tuesday,False
0,2022-08-09 14:45:00,130,90,70,60,45,40,15,45,1,Tuesday,False
0,2022-08-09 15:00:00,130,90,70,60,50,35,20,30,1,Tuesday,False
0,2022-08-09 15:15:00,120,95,75,65,40,35,25,35,1,Tuesday,False
0,2022-08-09 15:30:00,110,95,75,65,45,40,30,35,1,Tuesday,False
0,2022-08-09 15:45:00,100,95,75,65,50,40,15,40,1,Tuesday,False
0,2022-08-09 16:00:00,100,90,80,65,45,45,20,35,1,Tuesday,False
0,2022-08-09 16:15:00,100,90,90,60,45,40,20,35,1,Tuesday,False
0,2022-08-09 16:30:00,110,100,90,60,40,40,25,40,1,Tuesday,False
0,2022-08-09 16:45:00,130,100,90,60,40,40,15,40,1,Tuesday,False
0,2022-08-09 17:00:00,140,95,70,60,40,35,35,20,1,Tuesday,False
0,2022-08-09 17:15:00,140,90,70,55,40,30,20,30,1,Tuesday,False
0,2022-08-09 17:30:00,140,85,65,55,40,40,20,30,1,Tuesday,False
0,2022-08-09 17:45:00,140,85,65,55,40,30,25,30,1,Tuesday,False
0,2022-08-09 18:00:00,130,85,80,55,35,40,25,45,1,Tuesday,False
0,2022-08-09 18:15:00,130,90,90,60,40,40,15,20,1,Tuesday,False
0,2022-08-09 18:30:00,130,90,90,55,35,35,20,20,1,Tuesday,False
0,2022-08-09 18:45:00,130,90,90,55,35,40,25,20,1,Tuesday,False
0,2022-08-09 19:00:00,130,90,90,50,35,35,25,20,1,Tuesday,False
0,2022-08-09 19:15:00,110,95,90,50,40,30,15,20,1,Tuesday,False
0,2022-08-09 19:30:00,0,0,90,50,35,30,15,35,1,Tuesday,False
0,2022-08-09 19:45:00,0,0,0,50,35,35,25,30,1,Tuesday,False
0,2022-08-09 20:00:00,0,0,0,50,35,35,0,30,1,Tuesday,False
0,2022-08-09 20:15:00,0,0,0,50,30,35,0,30,1,Tuesday,False
0,2022-08-09 20:30:00,0,0,0,45,0,25,0,20,1,Tuesday,False
0,2022-08-09 20:45:00,0,0,0,0,0,25,0,0,1,Tuesday,False
0,2022-08-10 09:00:00,170,110,110,45,35,5,0,0,2,Wednesday,False
0,2022-08-10 09:15:00,170,130,100,60,30,5,0,0,2,Wednesday,False
0,2022-08-10 09:30:00,150,130,95,65,45,40,0,0,2,Wednesday,False
0,2022-08-10 09:45:00,140,120,95,70,55,45,0,0,2,Wednesday,False
0,2022-08-10 10:00:00,130,120,100,80,60,45,5,5,2,Wednesday,False
0,2022-08-10 10:15:00,140,120,100,80,60,45,20,35,2,Wednesday,False
0,2022-08-10 10:30:00,140,110,100,85,60,50,20,35,2,Wednesday,False
0,2022-08-10 10:45:00,140,110,100,80,60,50,25,45,2,Wednesday,False
0,2022-08-10 11:00:00,120,100,110,75,70,55,25,35,2,Wednesday,False
0,2022-08-10 11:15:00,120,100,110,75,50,55,30,40,2,Wednesday,False
0,2022-08-10 11:30:00,120,100,110,85,50,55,30,40,2,Wednesday,False
0,2022-08-10 11:45:00,120,100,110,85,50,55,15,35,2,Wednesday,False
0,2022-08-10 12:00:00,115,100,110,75,55,45,20,40,2,Wednesday,False
0,2022-08-10 12:15:00,120,110,75,75,55,45,25,35,2,Wednesday,False
0,2022-08-10 12:30:00,130,110,70,75,50,40,25,40,2,Wednesday,False
0,2022-08-10 12:45:00,130,90,80,75,55,45,30,35,2,Wednesday,False
0,2022-08-10 13:00:00,130,90,90,65,50,45,15,35,2,Wednesday,False
0,2022-08-10 13:15:00,115,90,90,75,45,45,15,35,2,Wednesday,False
0,2022-08-10 13:30:00,115,90,90,75,45,45,20,20,2,Wednesday,False
0,2022-08-10 13:45:00,120,100,90,70,50,45,20,30,2,Wednesday,False
0,2022-08-10 14:00:00,120,100,90,70,60,50,25,45,2,Wednesday,False
0,2022-08-10 14:15:00,125,100,90,70,55,50,30,45,2,Wednesday,False
0,2022-08-10 14:30:00,130,110,90,75,50,50,35,45,2,Wednesday,False
0,2022-08-10 14:45:00,130,110,100,75,55,50,35,45,2,Wednesday,False
0,2022-08-10 15:00:00,130,110,110,70,45,45,40,35,2,Wednesday,False
0,2022-08-10 15:15:00,130,110,100,70,50,40,25,35,2,Wednesday,False
0,2022-08-10 15:30:00,130,105,100,70,50,40,30,35,2,Wednesday,False
0,2022-08-10 15:45:00,130,105,100,70,50,40,30,35,2,Wednesday,False
0,2022-08-10 16:00:00,130,95,90,70,45,40,35,20,2,Wednesday,False
0,2022-08-10 16:15:00,130,95,90,75,45,40,30,35,2,Wednesday,False
0,2022-08-10 16:30:00,130,110,90,70,45,45,25,45,2,Wednesday,False
0,2022-08-10 16:45:00,140,100,90,65,50,45,25,45,2,Wednesday,False
0,2022-08-10 17:00:00,140,110,100,60,45,45,30,45,2,Wednesday,False
0,2022-08-10 17:15:00,150,110,100,55,45,45,20,35,2,Wednesday,False
0,2022-08-10 17:30:00,150,100,100,60,40,45,20,35,2,Wednesday,False
0,2022-08-10 17:45:00,150,90,110,60,40,40,25,30,2,Wednesday,False
0,2022-08-10 18:00:00,150,100,110,70,45,40,30,35,2,Wednesday,False
0,2022-08-10 18:15:00,150,120,100,65,45,40,30,35,2,Wednesday,False
0,2022-08-10 18:30:00,150,110,90,65,50,40,20,20,2,Wednesday,False
0,2022-08-10 18:45:00,140,90,90,65,45,40,20,30,2,Wednesday,False
0,2022-08-10 19:00:00,130,90,90,60,35,35,15,30,2,Wednesday,False
0,2022-08-10 19:15:00,120,90,90,55,35,40,15,20,2,Wednesday,False
0,2022-08-10 19:30:00,0,95,100,55,35,40,15,35,2,Wednesday,False
0,2022-08-10 19:45:00,0,95,0,60,40,40,20,30,2,Wednesday,False
0,2022-08-10 20:00:00,0,0,0,70,40,40,0,30,2,Wednesday,False
0,2022-08-10 20:15:00,0,0,0,65,35,30,0,35,2,Wednesday,False
0,2022-08-10 20:30:00,0,0,0,0,30,0,0,20,2,Wednesday,False
0,2022-08-10 20:45:00,0,0,0,0,0,0,0,35,2,Wednesday,False
0,2022-08-11 09:00:00,160,130,110,60,30,5,0,0,3,Thursday,True
0,2022-08-11 09:15:00,150,130,100,65,35,5,0,0,3,Thursday,True
0,2022-08-11 09:30:00,150,140,100,70,45,15,0,0,3,Thursday,True
0,2022-08-11 09:45:00,140,130,100,70,50,40,0,0,3,Thursday,True
0,2022-08-11 10:00:00,140,120,110,70,55,40,5,5,3,Thursday,True
0,2022-08-11 10:15:00,160,120,110,70,50,40,20,30,3,Thursday,True
0,2022-08-11 10:30:00,150,100,100,65,45,40,20,30,3,Thursday,True
0,2022-08-11 10:45:00,130,90,100,65,45,35,30,30,3,Thursday,True
0,2022-08-11 11:00:00,120,80,80,65,45,35,20,20,3,Thursday,True
0,2022-08-11 11:15:00,120,70,70,60,45,35,15,30,3,Thursday,True
0,2022-08-11 11:30:00,120,70,70,55,45,35,15,15,3,Thursday,True
0,2022-08-11 11:45:00,110,65,65,55,40,35,15,20,3,Thursday,True
0,2022-08-11 12:00:00,110,80,60,50,40,35,25,15,3,Thursday,True
0,2022-08-11 12:15:00,110,90,50,45,40,35,20,15,3,Thursday,True
0,2022-08-11 12:30:00,100,90,50,50,40,35,20,15,3,Thursday,True
0,2022-08-11 12:45:00,90,80,60,50,40,30,15,20,3,Thursday,True
0,2022-08-11 13:00:00,90,80,60,55,40,30,15,20,3,Thursday,True
0,2022-08-11 13:15:00,90,80,55,55,35,30,15,20,3,Thursday,True
0,2022-08-11 13:30:00,90,80,65,50,35,30,20,20,3,Thursday,True
0,2022-08-11 13:45:00,105,65,70,45,35,30,25,30,3,Thursday,True
0,2022-08-11 14:00:00,95,65,65,45,40,30,25,30,3,Thursday,True
0,2022-08-11 14:15:00,85,80,55,45,45,35,15,30,3,Thursday,True
0,2022-08-11 14:30:00,100,85,70,50,40,35,25,30,3,Thursday,True
0,2022-08-11 14:45:00,100,85,75,50,40,30,25,35,3,Thursday,True
0,2022-08-11 15:00:00,100,75,70,55,35,30,15,35,3,Thursday,True
0,2022-08-11 15:15:00,100,80,70,55,35,30,25,35,3,Thursday,True
0,2022-08-11 15:30:00,100,80,60,50,40,30,30,30,3,Thursday,True
0,2022-08-11 15:45:00,100,80,65,45,40,35,30,30,3,Thursday,True
0,2022-08-11 16:00:00,100,75,65,45,35,30,15,20,3,Thursday,True
0,2022-08-11 16:15:00,85,75,65,40,35,30,20,25,3,Thursday,True
0,2022-08-11 16:30:00,90,75,70,45,35,30,25,40,3,Thursday,True
0,2022-08-11 16:45:00,90,75,70,45,35,30,45,30,3,Thursday,True
0,2022-08-11 17:00:00,100,75,70,45,35,30,35,30,3,Thursday,True
0,2022-08-11 17:15:00,100,75,65,40,35,30,30,30,3,Thursday,True
0,2022-08-11 17:30:00,95,75,65,40,35,25,20,30,3,Thursday,True
0,2022-08-11 17:45:00,110,70,65,40,30,25,25,20,3,Thursday,True
0,2022-08-11 18:00:00,115,90,65,45,25,25,20,30,3,Thursday,True
0,2022-08-11 18:15:00,115,90,70,45,30,25,15,35,3,Thursday,True
0,2022-08-11 18:30:00,115,85,70,45,30,30,20,20,3,Thursday,True
0,2022-08-11 18:45:00,110,70,70,40,30,30,25,20,3,Thursday,True
0,2022-08-11 19:00:00,105,70,70,35,25,25,25,20,3,Thursday,True
0,2022-08-11 19:15:00,90,70,65,40,25,25,15,20,3,Thursday,True
0,2022-08-11 19:30:00,90,80,65,45,20,25,15,30,3,Thursday,True
0,2022-08-11 19:45:00,0,80,65,40,20,25,25,15,3,Thursday,True
0,2022-08-11 20:00:00,0,0,0,30,5,20,0,15,3,Thursday,True
0,2022-08-11 20:15:00,0,0,0,30,10,20,0,20,3,Thursday,True
0,2022-08-11 20:30:00,0,0,0,30,10,20,0,15,3,Thursday,True
0,2022-08-11 20:45:00,0,0,0,20,5,0,0,25,3,Thursday,True
0,2022-08-12 09:00:00,200,150,110,50,30,15,0,0,4,Friday,False
0,2022-08-12 09:15:00,180,150,110,75,40,5,0,0,4,Friday,False
0,2022-08-12 09:30:00,150,130,110,85,50,40,0,0,4,Friday,False
0,2022-08-12 09:45:00,150,130,110,85,60,45,0,0,4,Friday,False
0,2022-08-12 10:00:00,140,130,120,85,60,60,30,20,4,Friday,False
0,2022-08-12 10:15:00,140,120,120,85,60,55,20,30,4,Friday,False
0,2022-08-12 10:30:00,140,120,130,85,65,55,15,50,4,Friday,False
0,2022-08-12 10:45:00,150,110,130,80,65,60,30,35,4,Friday,False
0,2022-08-12 11:00:00,150,110,120,80,65,60,30,50,4,Friday,False
0,2022-08-12 11:15:00,150,110,130,85,65,60,30,35,4,Friday,False
0,2022-08-12 11:30:00,150,110,120,90,65,60,30,35,4,Friday,False
0,2022-08-12 11:45:00,155,110,120,85,65,55,20,45,4,Friday,False
0,2022-08-12 12:00:00,150,110,110,85,65,50,35,45,4,Friday,False
0,2022-08-12 12:15:00,150,110,80,80,55,50,35,35,4,Friday,False
0,2022-08-12 12:30:00,160,120,80,80,60,50,35,35,4,Friday,False
0,2022-08-12 12:45:00,160,120,80,80,60,55,35,30,4,Friday,False
0,2022-08-12 13:00:00,160,120,100,80,55,55,30,45,4,Friday,False
0,2022-08-12 13:15:00,160,120,110,80,55,55,30,50,4,Friday,False
0,2022-08-12 13:30:00,150,120,110,75,55,55,30,50,4,Friday,False
0,2022-08-12 13:45:00,150,140,110,75,60,50,25,35,4,Friday,False
0,2022-08-12 14:00:00,150,140,110,80,70,50,25,30,4,Friday,False
0,2022-08-12 14:15:00,150,140,110,80,65,55,30,45,4,Friday,False
0,2022-08-12 14:30:00,150,120,110,75,65,60,25,50,4,Friday,False
0,2022-08-12 14:45:00,160,120,110,75,60,60,40,45,4,Friday,False
0,2022-08-12 15:00:00,160,120,110,75,55,50,40,45,4,Friday,False
0,2022-08-12 15:15:00,160,120,110,80,55,50,30,45,4,Friday,False
0,2022-08-12 15:30:00,160,120,120,85,60,50,30,45,4,Friday,False
0,2022-08-12 15:45:00,160,130,120,85,60,50,35,35,4,Friday,False
0,2022-08-12 16:00:00,160,130,120,85,65,50,40,35,4,Friday,False
0,2022-08-12 16:15:00,155,130,120,85,60,55,25,50,4,Friday,False
0,2022-08-12 16:30:00,150,140,110,80,60,50,30,50,4,Friday,False
0,2022-08-12 16:45:00,150,140,100,80,55,50,50,50,4,Friday,False
0,2022-08-12 17:00:00,150,135,100,80,50,60,35,35,4,Friday,False
0,2022-08-12 17:15:00,160,125,100,75,55,60,35,30,4,Friday,False
0,2022-08-12 17:30:00,170,120,120,75,60,55,20,40,4,Friday,False
0,2022-08-12 17:45:00,170,100,110,75,55,50,30,45,4,Friday,False
0,2022-08-12 18:00:00,160,110,120,80,55,50,30,50,4,Friday,False
0,2022-08-12 18:15:00,160,115,120,80,55,50,25,45,4,Friday,False
0,2022-08-12 18:30:00,150,115,120,80,55,50,20,30,4,Friday,False
0,2022-08-12 18:45:00,140,110,130,80,55,45,25,35,4,Friday,False
0,2022-08-12 19:00:00,0,120,130,80,45,45,25,35,4,Friday,False
0,2022-08-12 19:15:00,0,120,0,80,45,45,15,35,4,Friday,False
0,2022-08-12 19:30:00,0,120,0,80,50,40,15,50,4,Friday,False
0,2022-08-12 19:45:00,0,120,0,80,50,40,20,45,4,Friday,False
0,2022-08-12 20:00:00,0,90,0,0,45,40,0,45,4,Friday,False
0,2022-08-12 20:15:00,0,0,0,0,40,35,0,30,4,Friday,False
0,2022-08-12 20:30:00,0,0,0,0,0,0,0,30,4,Friday,False
0,2022-08-12 20:45:00,0,0,0,0,0,0,0,20,4,Friday,False
0,2022-08-13 09:00:00,140,120,110,55,20,20,0,0,5,Saturday,False
0,2022-08-13 09:15:00,120,120,110,65,20,15,0,0,5,Saturday,False
0,2022-08-13 09:30:00,120,120,100,60,35,35,0,0,5,Saturday,False
0,2022-08-13 09:45:00,110,110,80,55,45,40,0,0,5,Saturday,False
0,2022-08-13 10:00:00,110,90,80,55,45,45,15,15,5,Saturday,False
0,2022-08-13 10:15:00,90,80,80,50,45,40,20,20,5,Saturday,False
0,2022-08-13 10:30:00,90,70,70,50,40,35,20,20,5,Saturday,False
0,2022-08-13 10:45:00,90,70,70,50,40,40,25,20,5,Saturday,False
0,2022-08-13 11:00:00,95,55,65,45,40,40,25,20,5,Saturday,False
0,2022-08-13 11:15:00,95,55,65,45,35,40,15,15,5,Saturday,False
0,2022-08-13 11:30:00,95,55,70,45,30,20,20,15,5,Saturday,False
0,2022-08-13 11:45:00,0,65,70,50,30,10,20,15,5,Saturday,False
0,2022-08-13 12:00:00,0,65,75,50,30,10,20,15,5,Saturday,False
0,2022-08-13 12:15:00,50,65,70,50,30,20,20,15,5,Saturday,False
0,2022-08-13 12:30:00,75,65,65,45,30,30,25,15,5,Saturday,False
0,2022-08-13 12:45:00,80,65,65,35,30,30,15,10,5,Saturday,False
0,2022-08-13 13:00:00,90,65,65,35,30,30,30,15,5,Saturday,False
0,2022-08-13 13:15:00,95,65,65,40,25,30,15,25,5,Saturday,False
0,2022-08-13 13:30:00,95,75,65,40,25,20,20,25,5,Saturday,False
0,2022-08-13 13:45:00,95,80,70,35,25,20,25,25,5,Saturday,False
0,2022-08-13 14:00:00,95,80,70,40,25,20,25,20,5,Saturday,False
0,2022-08-13 14:15:00,95,70,75,40,30,20,25,15,5,Saturday,False
0,2022-08-13 14:30:00,95,70,70,40,40,20,15,30,5,Saturday,False
0,2022-08-13 14:45:00,95,65,70,40,40,15,20,30,5,Saturday,False
0,2022-08-13 15:00:00,90,60,55,40,30,15,25,35,5,Saturday,False
0,2022-08-13 15:15:00,85,60,55,35,15,20,25,20,5,Saturday,False
0,2022-08-13 15:30:00,85,70,60,35,15,25,15,20,5,Saturday,False
0,2022-08-13 15:45:00,75,70,60,35,15,20,15,20,5,Saturday,False
0,2022-08-13 16:00:00,75,70,60,30,15,15,15,20,5,Saturday,False
0,2022-08-13 16:15:00,75,75,55,30,20,5,20,15,5,Saturday,False
0,2022-08-13 16:30:00,80,75,65,30,20,5,15,30,5,Saturday,False
0,2022-08-13 16:45:00,80,70,65,30,20,5,15,20,5,Saturday,False
0,2022-08-13 17:00:00,80,70,65,25,10,5,30,30,5,Saturday,False
0,2022-08-13 17:15:00,55,55,65,25,10,5,20,20,5,Saturday,False
0,2022-08-13 17:30:00,45,55,60,25,5,5,20,20,5,Saturday,False
0,2022-08-13 17:45:00,45,60,60,25,5,5,25,25,5,Saturday,False
0,2022-08-13 18:00:00,65,60,60,20,10,5,15,20,5,Saturday,False
0,2022-08-13 18:15:00,70,60,55,20,5,5,20,20,5,Saturday,False
0,2022-08-13 18:30:00,70,60,55,20,5,5,20,15,5,Saturday,False
0,2022-08-13 18:45:00,60,45,50,20,5,5,25,15,5,Saturday,False
0,2022-08-13 19:00:00,60,45,50,20,5,5,25,15,5,Saturday,False
0,2022-08-13 19:15:00,50,45,55,15,5,0,15,20,5,Saturday,False
0,2022-08-13 19:30:00,50,35,80,10,5,0,20,15,5,Saturday,False
0,2022-08-13 19:45:00,50,35,80,10,5,0,25,15,5,Saturday,False
0,2022-08-13 20:00:00,45,35,80,10,5,0,0,15,5,Saturday,False
0,2022-08-13 20:15:00,40,45,40,10,5,0,0,20,5,Saturday,False
0,2022-08-13 20:30:00,40,40,30,10,5,5,0,20,5,Saturday,False
0,2022-08-13 20:45:00,0,20,0,5,5,5,0,20,5,Saturday,False
0,2022-08-14 09:00:00,200,120,120,0,35,25,0,0,6,Sunday,False
0,2022-08-14 09:15:00,200,120,130,0,55,30,0,0,6,Sunday,False
0,2022-08-14 09:30:00,180,135,130,0,55,45,0,0,6,Sunday,False
0,2022-08-14 09:45:00,170,140,140,0,60,60,0,0,6,Sunday,False
0,2022-08-14 10:00:00,170,130,140,0,60,70,5,5,6,Sunday,False
0,2022-08-14 10:15:00,170,130,140,0,90,60,5,35,6,Sunday,False
0,2022-08-14 10:30:00,170,130,140,0,80,60,30,45,6,Sunday,False
0,2022-08-14 10:45:00,170,140,140,0,70,70,25,50,6,Sunday,False
0,2022-08-14 11:00:00,170,120,140,0,70,65,25,35,6,Sunday,False
0,2022-08-14 11:15:00,160,110,130,0,60,65,30,35,6,Sunday,False
0,2022-08-14 11:30:00,150,120,130,0,60,65,15,30,6,Sunday,False
0,2022-08-14 11:45:00,140,140,130,0,60,70,30,30,6,Sunday,False
0,2022-08-14 12:00:00,140,140,110,40,55,60,20,30,6,Sunday,False
0,2022-08-14 12:15:00,140,130,110,100,50,55,25,30,6,Sunday,False
0,2022-08-14 12:30:00,130,125,110,100,50,55,25,35,6,Sunday,False
0,2022-08-14 12:45:00,130,125,90,90,50,55,15,30,6,Sunday,False
0,2022-08-14 13:00:00,150,120,80,90,50,55,20,30,6,Sunday,False
0,2022-08-14 13:15:00,150,120,90,90,50,45,15,30,6,Sunday,False
0,2022-08-14 13:30:00,150,120,90,90,50,50,20,35,6,Sunday,False
0,2022-08-14 13:45:00,150,100,70,90,50,50,20,35,6,Sunday,False
0,2022-08-14 14:00:00,150,100,90,95,65,40,25,35,6,Sunday,False
0,2022-08-14 14:15:00,140,100,90,95,60,40,30,35,6,Sunday,False
0,2022-08-14 14:30:00,125,95,110,95,60,50,30,35,6,Sunday,False
0,2022-08-14 14:45:00,125,95,110,95,60,55,35,35,6,Sunday,False
0,2022-08-14 15:00:00,150,130,100,90,60,50,40,35,6,Sunday,False
0,2022-08-14 15:15:00,150,130,100,90,60,55,25,45,6,Sunday,False
0,2022-08-14 15:30:00,150,120,100,90,55,55,25,45,6,Sunday,False
0,2022-08-14 15:45:00,150,120,90,85,55,55,30,45,6,Sunday,False
0,2022-08-14 16:00:00,150,110,90,85,50,50,35,40,6,Sunday,False
0,2022-08-14 16:15:00,150,120,90,85,50,45,30,40,6,Sunday,False
0,2022-08-14 16:30:00,160,120,90,90,50,45,25,45,6,Sunday,False
0,2022-08-14 16:45:00,160,110,100,85,50,45,50,35,6,Sunday,False
0,2022-08-14 17:00:00,160,100,100,85,50,45,30,35,6,Sunday,False
0,2022-08-14 17:15:00,160,110,110,85,45,45,25,35,6,Sunday,False
0,2022-08-14 17:30:00,170,110,0,85,45,45,25,20,6,Sunday,False
0,2022-08-14 17:45:00,155,110,80,85,45,45,25,35,6,Sunday,False
0,2022-08-14 18:00:00,160,120,130,90,50,45,20,40,6,Sunday,False
0,2022-08-14 18:15:00,150,120,120,90,50,45,25,45,6,Sunday,False
0,2022-08-14 18:30:00,140,100,80,90,45,50,20,45,6,Sunday,False
0,2022-08-14 18:45:00,130,90,100,90,45,50,25,30,6,Sunday,False
0,2022-08-14 19:00:00,130,100,100,85,40,45,15,35,6,Sunday,False
0,2022-08-14 19:15:00,130,100,100,80,40,45,20,20,6,Sunday,False
0,2022-08-14 19:30:00,115,100,100,75,40,45,20,45,6,Sunday,False
0,2022-08-14 19:45:00,0,90,0,75,40,35,25,35,6,Sunday,False
0,2022-08-14 20:00:00,0,0,0,75,35,40,0,35,6,Sunday,False
0,2022-08-14 20:15:00,0,0,0,70,30,40,0,30,6,Sunday,False
0,2022-08-14 20:30:00,0,0,0,0,0,0,0,40,6,Sunday,False
0,2022-08-14 20:45:00,0,0,0,0,0,0,0,0,6,Sunday,False
0,2022-08-15 09:00:00,180,150,130,70,30,15,0,0,0,Monday,False
0,2022-08-15 09:15:00,190,160,140,75,45,10,0,0,0,Monday,False
0,2022-08-15 09:30:00,190,160,130,75,50,40,0,0,0,Monday,False
0,2022-08-15 09:45:00,180,150,130,80,55,60,0,0,0,Monday,False
0,2022-08-15 10:00:00,170,150,130,80,55,60,5,20,0,Monday,False
0,2022-08-15 10:15:00,170,140,130,80,55,50,5,20,0,Monday,False
0,2022-08-15 10:30:00,150,140,120,80,60,50,5,30,0,Monday,False
0,2022-08-15 10:45:00,140,130,110,80,60,50,5,35,0,Monday,False
0,2022-08-15 11:00:00,130,120,100,80,60,50,25,35,0,Monday,False
0,2022-08-15 11:15:00,130,110,110,80,55,50,30,35,0,Monday,False
0,2022-08-15 11:30:00,130,100,110,80,55,50,30,35,0,Monday,False
0,2022-08-15 11:45:00,120,100,110,80,55,50,20,40,0,Monday,False
0,2022-08-15 12:00:00,130,95,80,75,60,50,20,40,0,Monday,False
0,2022-08-15 12:15:00,130,110,80,75,60,45,40,40,0,Monday,False
0,2022-08-15 12:30:00,140,110,90,75,60,45,15,30,0,Monday,False
0,2022-08-15 12:45:00,140,115,90,75,55,45,30,30,0,Monday,False
0,2022-08-15 13:00:00,140,95,90,75,55,50,30,30,0,Monday,False
0,2022-08-15 13:15:00,130,100,80,75,50,50,35,30,0,Monday,False
0,2022-08-15 13:30:00,130,110,100,70,50,50,20,30,0,Monday,False
0,2022-08-15 13:45:00,120,100,100,75,50,45,25,40,0,Monday,False
0,2022-08-15 14:00:00,130,100,100,75,55,45,30,35,0,Monday,False
0,2022-08-15 14:15:00,130,110,100,75,65,45,30,35,0,Monday,False
0,2022-08-15 14:30:00,130,130,90,75,65,45,30,50,0,Monday,False
0,2022-08-15 14:45:00,140,125,90,75,60,55,35,45,0,Monday,False
0,2022-08-15 15:00:00,140,120,90,75,60,55,20,45,0,Monday,False
0,2022-08-15 15:15:00,140,100,100,75,50,50,25,35,0,Monday,False
0,2022-08-15 15:30:00,140,100,100,80,55,50,25,40,0,Monday,False
0,2022-08-15 15:45:00,140,100,100,80,50,50,30,35,0,Monday,False
0,2022-08-15 16:00:00,130,100,110,75,50,50,20,35,0,Monday,False
0,2022-08-15 16:15:00,140,100,100,70,50,45,20,45,0,Monday,False
0,2022-08-15 16:30:00,140,100,100,70,50,45,25,50,0,Monday,False
0,2022-08-15 16:45:00,140,115,100,70,50,45,40,45,0,Monday,False
0,2022-08-15 17:00:00,140,110,100,60,50,45,35,35,0,Monday,False
0,2022-08-15 17:15:00,140,110,100,60,50,40,25,30,0,Monday,False
0,2022-08-15 17:30:00,145,115,100,65,50,40,20,30,0,Monday,False
0,2022-08-15 17:45:00,145,105,100,65,50,40,15,30,0,Monday,False
0,2022-08-15 18:00:00,160,110,110,70,50,45,30,45,0,Monday,False
0,2022-08-15 18:15:00,155,110,90,70,50,50,15,35,0,Monday,False
0,2022-08-15 18:30:00,145,95,100,70,50,40,20,45,0,Monday,False
0,2022-08-15 18:45:00,140,95,100,65,45,45,25,30,0,Monday,False
0,2022-08-15 19:00:00,135,95,100,60,45,45,25,25,0,Monday,False
0,2022-08-15 19:15:00,130,95,100,60,45,40,15,20,0,Monday,False
0,2022-08-15 19:30:00,0,95,100,60,45,40,20,35,0,Monday,False
0,2022-08-15 19:45:00,0,85,0,60,45,40,20,35,0,Monday,False
0,2022-08-15 20:00:00,0,0,0,60,40,40,0,30,0,Monday,False
0,2022-08-15 20:15:00,0,0,0,60,35,30,0,30,0,Monday,False
0,2022-08-15 20:30:00,0,0,0,0,25,0,0,20,0,Monday,False
0,2022-08-15 20:45:00,0,0,0,0,0,0,0,0,0,Monday,False
0,2022-08-16 09:00:00,190,140,120,60,20,5,0,0,1,Tuesday,False
0,2022-08-16 09:15:00,180,130,130,70,25,5,0,0,1,Tuesday,False
0,2022-08-16 09:30:00,160,130,120,80,50,30,0,0,1,Tuesday,False
0,2022-08-16 09:45:00,170,130,120,75,60,45,0,0,1,Tuesday,False
0,2022-08-16 10:00:00,155,125,110,75,60,50,5,15,1,Tuesday,False
0,2022-08-16 10:15:00,150,120,110,75,60,50,25,15,1,Tuesday,False
0,2022-08-16 10:30:00,145,100,100,70,55,50,20,35,1,Tuesday,False
0,2022-08-16 10:45:00,125,100,90,70,50,50,25,20,1,Tuesday,False
0,2022-08-16 11:00:00,115,90,70,70,45,45,15,20,1,Tuesday,False
0,2022-08-16 11:15:00,105,90,70,65,55,40,15,20,1,Tuesday,False
0,2022-08-16 11:30:00,110,90,80,65,45,40,15,20,1,Tuesday,False
0,2022-08-16 11:45:00,110,80,80,60,40,40,20,25,1,Tuesday,False
0,2022-08-16 12:00:00,90,70,80,65,40,35,25,25,1,Tuesday,False
0,2022-08-16 12:15:00,90,75,80,60,40,35,25,20,1,Tuesday,False
0,2022-08-16 12:30:00,100,80,80,65,40,40,25,15,1,Tuesday,False
0,2022-08-16 12:45:00,110,70,70,60,45,45,15,20,1,Tuesday,False
0,2022-08-16 13:00:00,110,100,70,50,45,40,15,35,1,Tuesday,False
0,2022-08-16 13:15:00,100,90,70,45,45,40,20,20,1,Tuesday,False
0,2022-08-16 13:30:00,100,80,70,50,45,30,20,20,1,Tuesday,False
0,2022-08-16 13:45:00,90,75,80,55,40,30,20,20,1,Tuesday,False
0,2022-08-16 14:00:00,90,65,80,60,40,35,25,20,1,Tuesday,False
0,2022-08-16 14:15:00,95,75,80,60,50,35,15,20,1,Tuesday,False
0,2022-08-16 14:30:00,100,100,70,55,45,35,15,20,1,Tuesday,False
0,2022-08-16 14:45:00,110,100,70,55,45,45,20,25,1,Tuesday,False
0,2022-08-16 15:00:00,100,90,70,50,35,40,20,20,1,Tuesday,False
0,2022-08-16 15:15:00,100,90,70,50,40,35,25,25,1,Tuesday,False
0,2022-08-16 15:30:00,100,80,75,50,35,35,25,25,1,Tuesday,False
0,2022-08-16 15:45:00,90,80,75,45,35,35,15,30,1,Tuesday,False
0,2022-08-16 16:00:00,90,80,70,45,40,35,15,30,1,Tuesday,False
0,2022-08-16 16:15:00,90,70,70,45,40,35,25,20,1,Tuesday,False
0,2022-08-16 16:30:00,100,70,75,50,35,35,25,35,1,Tuesday,False
0,2022-08-16 16:45:00,100,70,75,45,35,35,15,35,1,Tuesday,False
0,2022-08-16 17:00:00,110,70,80,40,35,35,30,20,1,Tuesday,False
0,2022-08-16 17:15:00,115,70,80,40,35,30,20,20,1,Tuesday,False
0,2022-08-16 17:30:00,115,70,70,50,35,30,20,20,1,Tuesday,False
0,2022-08-16 17:45:00,115,70,70,50,30,30,25,20,1,Tuesday,False
0,2022-08-16 18:00:00,130,80,80,50,35,35,15,25,1,Tuesday,False
0,2022-08-16 18:15:00,130,85,80,45,35,35,20,30,1,Tuesday,False
0,2022-08-16 18:30:00,125,75,80,40,35,40,20,30,1,Tuesday,False
0,2022-08-16 18:45:00,120,70,80,40,30,30,20,30,1,Tuesday,False
0,2022-08-16 19:00:00,110,80,90,0,30,35,25,25,1,Tuesday,False
0,2022-08-16 19:15:00,100,80,90,0,30,35,15,20,1,Tuesday,False
0,2022-08-16 19:30:00,90,70,100,0,30,35,15,20,1,Tuesday,False
0,2022-08-16 19:45:00,0,70,0,0,25,35,20,20,1,Tuesday,False
0,2022-08-16 20:00:00,0,0,0,0,25,35,0,25,1,Tuesday,False
0,2022-08-16 20:15:00,0,0,0,0,30,35,0,20,1,Tuesday,False
0,2022-08-16 20:30:00,0,0,0,0,25,0,0,20,1,Tuesday,False
0,2022-08-16 20:45:00,0,0,0,0,0,0,0,15,1,Tuesday,False
0,2022-08-17 09:00:00,140,100,120,65,5,20,0,0,2,Wednesday,False
0,2022-08-17 09:15:00,130,100,130,65,25,25,0,0,2,Wednesday,False
0,2022-08-17 09:30:00,120,100,110,65,50,25,0,0,2,Wednesday,False
0,2022-08-17 09:45:00,110,95,80,65,50,40,0,0,2,Wednesday,False
0,2022-08-17 10:00:00,105,95,90,60,45,40,15,15,2,Wednesday,False
0,2022-08-17 10:15:00,105,110,80,60,45,40,20,20,2,Wednesday,False
0,2022-08-17 10:30:00,90,105,75,50,40,35,25,20,2,Wednesday,False
0,2022-08-17 10:45:00,85,85,60,45,40,35,25,20,2,Wednesday,False
0,2022-08-17 11:00:00,90,65,60,45,45,40,25,20,2,Wednesday,False
0,2022-08-17 11:15:00,90,60,70,45,50,35,15,15,2,Wednesday,False
0,2022-08-17 11:30:00,90,60,70,50,45,30,15,15,2,Wednesday,False
0,2022-08-17 11:45:00,85,65,65,50,40,25,20,15,2,Wednesday,False
0,2022-08-17 12:00:00,85,65,65,45,35,30,20,15,2,Wednesday,False
0,2022-08-17 12:15:00,75,65,55,45,40,30,20,15,2,Wednesday,False
0,2022-08-17 12:30:00,75,65,50,45,40,25,25,15,2,Wednesday,False
0,2022-08-17 12:45:00,75,60,50,50,35,30,15,15,2,Wednesday,False
0,2022-08-17 13:00:00,75,60,50,45,35,30,15,20,2,Wednesday,False
0,2022-08-17 13:15:00,75,60,55,45,30,30,15,20,2,Wednesday,False
0,2022-08-17 13:30:00,80,60,55,40,30,25,20,20,2,Wednesday,False
0,2022-08-17 13:45:00,75,65,55,40,30,30,25,20,2,Wednesday,False
0,2022-08-17 14:00:00,75,65,55,40,30,25,25,25,2,Wednesday,False
0,2022-08-17 14:15:00,75,65,60,40,30,25,15,20,2,Wednesday,False
0,2022-08-17 14:30:00,80,70,60,40,40,30,15,20,2,Wednesday,False
0,2022-08-17 14:45:00,80,75,65,35,40,30,15,35,2,Wednesday,False
0,2022-08-17 15:00:00,75,75,65,35,40,35,20,30,2,Wednesday,False
0,2022-08-17 15:15:00,75,75,70,40,35,30,25,25,2,Wednesday,False
0,2022-08-17 15:30:00,75,70,70,45,35,30,15,30,2,Wednesday,False
0,2022-08-17 15:45:00,75,70,70,45,35,25,15,30,2,Wednesday,False
0,2022-08-17 16:00:00,75,70,65,40,30,30,15,30,2,Wednesday,False
0,2022-08-17 16:15:00,75,70,65,30,25,30,25,20,2,Wednesday,False
0,2022-08-17 16:30:00,75,60,65,30,30,25,25,35,2,Wednesday,False
0,2022-08-17 16:45:00,75,60,65,35,35,25,15,20,2,Wednesday,False
0,2022-08-17 17:00:00,75,0,60,35,25,20,30,30,2,Wednesday,False
0,2022-08-17 17:15:00,85,0,60,40,25,10,20,20,2,Wednesday,False
0,2022-08-17 17:30:00,85,0,60,40,15,20,20,30,2,Wednesday,False
0,2022-08-17 17:45:00,85,0,75,35,20,25,25,20,2,Wednesday,False
0,2022-08-17 18:00:00,90,0,75,40,35,25,15,30,2,Wednesday,False
0,2022-08-17 18:15:00,90,0,75,40,35,35,20,30,2,Wednesday,False
0,2022-08-17 18:30:00,90,0,75,35,30,30,20,15,2,Wednesday,False
0,2022-08-17 18:45:00,90,0,75,40,30,30,25,15,2,Wednesday,False
0,2022-08-17 19:00:00,85,0,80,40,25,30,25,15,2,Wednesday,False
0,2022-08-17 19:15:00,80,0,80,35,20,25,15,20,2,Wednesday,False
0,2022-08-17 19:30:00,80,0,90,30,20,25,15,20,2,Wednesday,False
0,2022-08-17 19:45:00,70,0,65,30,20,25,20,20,2,Wednesday,False
0,2022-08-17 20:00:00,0,0,60,30,10,20,0,20,2,Wednesday,False
0,2022-08-17 20:15:00,0,0,0,30,10,20,0,15,2,Wednesday,False
0,2022-08-17 20:30:00,0,0,0,30,5,15,0,15,2,Wednesday,False
0,2022-08-17 20:45:00,0,0,0,20,5,5,0,20,2,Wednesday,False
0,2022-08-18 09:00:00,130,100,5,50,30,5,0,0,3,Thursday,False
0,2022-08-18 09:15:00,130,100,110,55,35,0,0,0,3,Thursday,False
0,2022-08-18 09:30:00,110,110,120,60,45,0,0,0,3,Thursday,False
0,2022-08-18 09:45:00,110,100,110,55,50,0,0,0,3,Thursday,False
0,2022-08-18 10:00:00,110,90,110,65,45,0,5,15,3,Thursday,False
0,2022-08-18 10:15:00,110,80,100,70,45,0,20,20,3,Thursday,False
0,2022-08-18 10:30:00,100,80,90,65,45,0,20,35,3,Thursday,False
0,2022-08-18 10:45:00,85,80,90,60,40,0,20,30,3,Thursday,False
0,2022-08-18 11:00:00,80,80,75,60,40,0,25,30,3,Thursday,False
0,2022-08-18 11:15:00,80,80,80,55,40,0,20,30,3,Thursday,False
0,2022-08-18 11:30:00,85,80,75,55,40,0,20,30,3,Thursday,False
0,2022-08-18 11:45:00,85,70,75,50,35,5,20,30,3,Thursday,False
0,2022-08-18 12:00:00,95,70,75,50,35,40,20,15,3,Thursday,False
0,2022-08-18 12:15:00,100,60,75,45,35,45,25,15,3,Thursday,False
0,2022-08-18 12:30:00,100,70,60,50,40,35,15,15,3,Thursday,False
0,2022-08-18 12:45:00,100,80,55,50,45,45,15,20,3,Thursday,False
0,2022-08-18 13:00:00,85,80,65,45,45,35,15,20,3,Thursday,False
0,2022-08-18 13:15:00,85,75,75,45,40,35,20,35,3,Thursday,False
0,2022-08-18 13:30:00,80,75,70,55,40,40,20,20,3,Thursday,False
0,2022-08-18 13:45:00,80,70,65,55,40,40,25,30,3,Thursday,False
0,2022-08-18 14:00:00,90,70,65,40,35,45,25,20,3,Thursday,False
0,2022-08-18 14:15:00,95,70,65,40,50,45,10,25,3,Thursday,False
0,2022-08-18 14:30:00,95,75,65,40,50,40,30,30,3,Thursday,False
0,2022-08-18 14:45:00,90,75,65,45,40,40,20,25,3,Thursday,False
0,2022-08-18 15:00:00,85,75,60,45,35,45,20,30,3,Thursday,False
0,2022-08-18 15:15:00,80,75,65,45,40,40,25,30,3,Thursday,False
0,2022-08-18 15:30:00,80,75,65,40,40,35,30,30,3,Thursday,False
0,2022-08-18 15:45:00,90,65,65,40,35,40,20,20,3,Thursday,False
0,2022-08-18 16:00:00,90,65,70,40,25,35,15,20,3,Thursday,False
0,2022-08-18 16:15:00,75,65,65,35,25,35,20,20,3,Thursday,False
0,2022-08-18 16:30:00,75,65,65,35,35,35,25,30,3,Thursday,False
0,2022-08-18 16:45:00,85,95,65,40,25,35,15,30,3,Thursday,False
0,2022-08-18 17:00:00,80,95,70,40,20,40,35,25,3,Thursday,False
0,2022-08-18 17:15:00,80,80,65,35,25,35,20,30,3,Thursday,False
0,2022-08-18 17:30:00,75,75,65,40,30,35,15,20,3,Thursday,False
0,2022-08-18 17:45:00,70,75,70,35,30,40,25,30,3,Thursday,False
0,2022-08-18 18:00:00,85,75,75,45,30,35,20,20,3,Thursday,False
0,2022-08-18 18:15:00,100,75,75,45,30,35,20,30,3,Thursday,False
0,2022-08-18 18:30:00,105,60,75,40,25,40,20,15,3,Thursday,False
0,2022-08-18 18:45:00,95,60,75,30,20,40,25,15,3,Thursday,False
0,2022-08-18 19:00:00,95,80,80,35,20,35,25,15,3,Thursday,False
0,2022-08-18 19:15:00,90,80,90,40,20,35,20,30,3,Thursday,False
0,2022-08-18 19:30:00,90,80,80,35,15,30,15,15,3,Thursday,False
0,2022-08-18 19:45:00,80,75,80,35,15,30,20,20,3,Thursday,False
0,2022-08-18 20:00:00,0,70,75,35,10,30,0,20,3,Thursday,False
0,2022-08-18 20:15:00,0,0,0,35,10,25,0,20,3,Thursday,False
0,2022-08-18 20:30:00,0,0,0,35,10,20,0,20,3,Thursday,False
0,2022-08-18 20:45:00,0,0,0,0,5,0,0,25,3,Thursday,False
0,2022-08-19 09:00:00,135,130,5,45,5,5,0,0,4,Friday,False
0,2022-08-19 09:15:00,140,120,110,50,20,5,0,0,4,Friday,False
0,2022-08-19 09:30:00,120,100,120,55,50,25,0,0,4,Friday,False
0,2022-08-19 09:45:00,120,95,120,60,50,40,0,0,4,Friday,False
0,2022-08-19 10:00:00,130,85,110,65,50,45,5,5,4,Friday,False
0,2022-08-19 10:15:00,115,85,100,70,45,40,15,20,4,Friday,False
0,2022-08-19 10:30:00,100,85,100,60,40,35,20,30,4,Friday,False
0,2022-08-19 10:45:00,90,85,90,60,40,35,20,30,4,Friday,False
0,2022-08-19 11:00:00,90,70,70,50,40,40,25,20,4,Friday,False
0,2022-08-19 11:15:00,90,70,65,45,40,35,15,30,4,Friday,False
0,2022-08-19 11:30:00,90,70,50,50,40,35,15,30,4,Friday,False
0,2022-08-19 11:45:00,100,70,50,50,35,30,15,20,4,Friday,False
0,2022-08-19 12:00:00,100,80,55,45,35,25,20,15,4,Friday,False
0,2022-08-19 12:15:00,90,80,70,45,35,25,20,15,4,Friday,False
0,2022-08-19 12:30:00,90,70,80,45,40,30,25,15,4,Friday,False
0,2022-08-19 12:45:00,90,60,90,40,40,30,25,20,4,Friday,False
0,2022-08-19 13:00:00,90,70,60,50,35,30,15,20,4,Friday,False
0,2022-08-19 13:15:00,90,70,60,50,35,25,20,30,4,Friday,False
0,2022-08-19 13:30:00,90,70,45,50,35,25,15,30,4,Friday,False
0,2022-08-19 13:45:00,90,70,45,40,30,30,25,15,4,Friday,False
0,2022-08-19 14:00:00,100,70,65,40,30,30,25,15,4,Friday,False
0,2022-08-19 14:15:00,90,70,65,40,45,30,15,20,4,Friday,False
0,2022-08-19 14:30:00,90,75,65,40,40,30,15,35,4,Friday,False
0,2022-08-19 14:45:00,90,70,65,40,35,35,15,20,4,Friday,False
0,2022-08-19 15:00:00,80,70,65,40,30,35,20,25,4,Friday,False
0,2022-08-19 15:15:00,80,65,70,40,35,30,25,30,4,Friday,False
0,2022-08-19 15:30:00,80,65,70,35,35,25,25,20,4,Friday,False
0,2022-08-19 15:45:00,80,65,65,35,30,30,15,20,4,Friday,False
0,2022-08-19 16:00:00,80,65,55,40,25,25,20,25,4,Friday,False
0,2022-08-19 16:15:00,80,65,55,35,25,30,20,30,4,Friday,False
0,2022-08-19 16:30:00,80,70,70,35,25,25,25,35,4,Friday,False
0,2022-08-19 16:45:00,90,70,75,35,25,25,15,30,4,Friday,False
0,2022-08-19 17:00:00,90,70,70,35,20,20,30,20,4,Friday,False
0,2022-08-19 17:15:00,95,65,60,35,20,25,20,20,4,Friday,False
0,2022-08-19 17:30:00,100,65,60,35,20,20,20,20,4,Friday,False
0,2022-08-19 17:45:00,95,75,65,35,25,20,25,20,4,Friday,False
0,2022-08-19 18:00:00,100,80,75,45,25,25,25,25,4,Friday,False
0,2022-08-19 18:15:00,100,80,75,40,25,30,25,35,4,Friday,False
0,2022-08-19 18:30:00,100,70,75,30,25,30,25,35,4,Friday,False
0,2022-08-19 18:45:00,85,65,80,30,25,25,25,15,4,Friday,False
0,2022-08-19 19:00:00,90,70,75,30,20,25,25,30,4,Friday,False
0,2022-08-19 19:15:00,90,75,60,30,15,25,15,30,4,Friday,False
0,2022-08-19 19:30:00,80,75,80,30,10,25,20,20,4,Friday,False
0,2022-08-19 19:45:00,80,70,80,30,10,20,20,25,4,Friday,False
0,2022-08-19 20:00:00,0,60,70,30,20,20,0,15,4,Friday,False
0,2022-08-19 20:15:00,0,0,0,30,15,15,0,15,4,Friday,False
0,2022-08-19 20:30:00,0,0,0,35,5,15,0,15,4,Friday,False
0,2022-08-19 20:45:00,0,0,0,0,5,15,0,25,4,Friday,False
0,2022-08-20 09:00:00,180,120,100,0,30,5,0,0,5,Saturday,False
0,2022-08-20 09:15:00,180,130,120,0,55,20,0,0,5,Saturday,False
0,2022-08-20 09:30:00,170,150,120,0,55,40,0,0,5,Saturday,False
0,2022-08-20 09:45:00,160,140,120,0,55,45,0,0,5,Saturday,False
0,2022-08-20 10:00:00,160,120,120,0,45,45,5,5,5,Saturday,False
0,2022-08-20 10:15:00,145,110,110,0,40,45,25,5,5,Saturday,False
0,2022-08-20 10:30:00,140,110,100,0,40,45,20,20,5,Saturday,False
0,2022-08-20 10:45:00,120,100,90,0,40,45,20,20,5,Saturday,False
0,2022-08-20 11:00:00,110,90,90,0,45,40,25,20,5,Saturday,False
0,2022-08-20 11:15:00,105,70,90,0,45,40,10,20,5,Saturday,False
0,2022-08-20 11:30:00,100,70,90,0,40,40,15,25,5,Saturday,False
0,2022-08-20 11:45:00,100,70,90,0,35,35,15,30,5,Saturday,False
0,2022-08-20 12:00:00,100,70,80,0,35,30,20,20,5,Saturday,False
0,2022-08-20 12:15:00,120,80,55,0,35,30,25,15,5,Saturday,False
0,2022-08-20 12:30:00,110,80,60,0,40,40,25,15,5,Saturday,False
0,2022-08-20 12:45:00,100,70,60,0,40,40,15,15,5,Saturday,False
0,2022-08-20 13:00:00,110,80,70,0,40,35,15,15,5,Saturday,False
0,2022-08-20 13:15:00,110,80,70,0,40,35,20,20,5,Saturday,False
0,2022-08-20 13:30:00,110,80,70,0,35,35,20,35,5,Saturday,False
0,2022-08-20 13:45:00,110,80,70,0,35,35,25,20,5,Saturday,False
0,2022-08-20 14:00:00,100,75,70,0,35,35,25,20,5,Saturday,False
0,2022-08-20 14:15:00,100,75,70,0,45,40,30,35,5,Saturday,False
0,2022-08-20 14:30:00,100,65,75,0,45,35,15,35,5,Saturday,False
0,2022-08-20 14:45:00,100,75,75,0,40,35,15,35,5,Saturday,False
0,2022-08-20 15:00:00,110,75,75,0,30,35,20,30,5,Saturday,False
0,2022-08-20 15:15:00,110,75,75,0,30,35,25,30,5,Saturday,False
0,2022-08-20 15:30:00,110,75,75,0,30,35,25,30,5,Saturday,False
0,2022-08-20 15:45:00,115,75,75,0,35,35,15,20,5,Saturday,False
0,2022-08-20 16:00:00,110,65,75,0,35,35,15,30,5,Saturday,False
0,2022-08-20 16:15:00,110,55,65,0,35,40,20,35,5,Saturday,False
0,2022-08-20 16:30:00,110,75,75,0,35,40,25,35,5,Saturday,False
0,2022-08-20 16:45:00,115,75,80,0,35,30,45,30,5,Saturday,False
0,2022-08-20 17:00:00,115,75,75,0,30,35,35,30,5,Saturday,False
0,2022-08-20 17:15:00,115,75,75,0,20,30,20,30,5,Saturday,False
0,2022-08-20 17:30:00,90,70,80,0,25,30,20,20,5,Saturday,False
0,2022-08-20 17:45:00,100,70,80,0,25,30,15,35,5,Saturday,False
0,2022-08-20 18:00:00,120,65,80,0,30,35,15,35,5,Saturday,False
0,2022-08-20 18:15:00,115,70,80,0,30,35,15,20,5,Saturday,False
0,2022-08-20 18:30:00,100,70,80,0,25,35,20,20,5,Saturday,False
0,2022-08-20 18:45:00,100,60,90,0,20,30,25,20,5,Saturday,False
0,2022-08-20 19:00:00,100,60,80,40,20,25,25,20,5,Saturday,False
0,2022-08-20 19:15:00,90,70,75,75,15,25,15,20,5,Saturday,False
0,2022-08-20 19:30:00,80,70,75,75,10,15,20,15,5,Saturday,False
0,2022-08-20 19:45:00,70,65,65,80,10,15,20,15,5,Saturday,False
0,2022-08-20 20:00:00,0,60,60,0,10,15,0,15,5,Saturday,False
0,2022-08-20 20:15:00,0,0,0,0,5,15,0,20,5,Saturday,False
0,2022-08-20 20:30:00,0,0,0,0,10,15,0,15,5,Saturday,False
0,2022-08-20 20:45:00,0,0,0,0,5,10,0,20,5,Saturday,False
0,2022-08-21 09:00:00,160,95,5,50,25,5,0,0,6,Sunday,False
0,2022-08-21 09:15:00,160,95,120,55,25,5,0,0,6,Sunday,False
0,2022-08-21 09:30:00,160,110,110,60,35,25,0,0,6,Sunday,False
0,2022-08-21 09:45:00,140,100,110,55,35,30,0,0,6,Sunday,False
0,2022-08-21 10:00:00,140,90,90,50,35,35,15,15,6,Sunday,False
0,2022-08-21 10:15:00,110,95,80,50,40,35,15,15,6,Sunday,False
0,2022-08-21 10:30:00,100,90,70,45,40,30,25,15,6,Sunday,False
0,2022-08-21 10:45:00,100,70,70,45,40,30,25,20,6,Sunday,False
0,2022-08-21 11:00:00,95,65,60,45,35,30,20,20,6,Sunday,False
0,2022-08-21 11:15:00,75,65,60,45,35,35,15,20,6,Sunday,False
0,2022-08-21 11:30:00,75,60,60,40,35,25,15,20,6,Sunday,False
0,2022-08-21 11:45:00,85,55,55,35,30,25,15,20,6,Sunday,False
0,2022-08-21 12:00:00,100,45,50,35,25,25,20,20,6,Sunday,False
0,2022-08-21 12:15:00,100,65,40,40,30,25,20,20,6,Sunday,False
0,2022-08-21 12:30:00,100,70,40,45,30,25,20,20,6,Sunday,False
0,2022-08-21 12:45:00,100,70,50,40,30,30,15,20,6,Sunday,False
0,2022-08-21 13:00:00,100,65,60,40,25,35,15,20,6,Sunday,False
0,2022-08-21 13:15:00,90,65,60,35,25,20,25,30,6,Sunday,False
0,2022-08-21 13:30:00,85,60,55,30,25,25,20,25,6,Sunday,False
0,2022-08-21 13:45:00,85,60,50,0,30,25,25,15,6,Sunday,False
0,2022-08-21 14:00:00,85,60,50,0,30,30,25,25,6,Sunday,False
0,2022-08-21 14:15:00,75,70,60,0,45,30,15,20,6,Sunday,False
0,2022-08-21 14:30:00,70,70,70,0,40,30,15,35,6,Sunday,False
0,2022-08-21 14:45:00,75,70,60,0,35,30,20,20,6,Sunday,False
0,2022-08-21 15:00:00,80,70,50,0,25,30,20,30,6,Sunday,False
0,2022-08-21 15:15:00,90,65,45,0,30,25,25,20,6,Sunday,False
0,2022-08-21 15:30:00,90,65,45,10,30,30,25,35,6,Sunday,False
0,2022-08-21 15:45:00,90,60,45,30,25,25,15,20,6,Sunday,False
0,2022-08-21 16:00:00,85,60,55,50,25,30,20,30,6,Sunday,False
0,2022-08-21 16:15:00,80,50,50,40,25,30,20,20,6,Sunday,False
0,2022-08-21 16:30:00,75,65,65,40,25,25,25,30,6,Sunday,False
0,2022-08-21 16:45:00,70,75,65,40,25,25,15,30,6,Sunday,False
0,2022-08-21 17:00:00,75,80,40,45,25,25,30,30,6,Sunday,False
0,2022-08-21 17:15:00,80,70,40,40,20,25,20,30,6,Sunday,False
0,2022-08-21 17:30:00,80,60,45,40,20,20,25,20,6,Sunday,False
0,2022-08-21 17:45:00,80,70,55,40,20,25,25,25,6,Sunday,False
0,2022-08-21 18:00:00,80,60,65,40,15,25,20,20,6,Sunday,False
0,2022-08-21 18:15:00,80,70,65,40,20,25,20,30,6,Sunday,False
0,2022-08-21 18:30:00,75,70,60,35,20,25,20,20,6,Sunday,False
0,2022-08-21 18:45:00,75,65,60,40,15,25,25,15,6,Sunday,False
0,2022-08-21 19:00:00,75,65,60,40,10,25,25,15,6,Sunday,False
0,2022-08-21 19:15:00,75,55,70,35,10,20,15,15,6,Sunday,False
0,2022-08-21 19:30:00,70,60,75,35,10,20,15,15,6,Sunday,False
0,2022-08-21 19:45:00,70,60,60,35,10,15,20,20,6,Sunday,False
0,2022-08-21 20:00:00,0,55,60,35,5,20,0,15,6,Sunday,False
0,2022-08-21 20:15:00,0,0,0,30,5,15,0,20,6,Sunday,False
0,2022-08-21 20:30:00,0,0,0,25,5,10,0,20,6,Sunday,False
0,2022-08-21 20:45:00,0,0,0,20,5,5,0,25,6,Sunday,False
0,2022-08-22 09:00:00,140,130,110,60,25,5,0,0,0,Monday,False
0,2022-08-22 09:15:00,130,130,100,65,30,10,0,0,0,Monday,False
0,2022-08-22 09:30:00,120,120,90,60,50,35,0,0,0,Monday,False
0,2022-08-22 09:45:00,120,110,90,55,55,45,0,0,0,Monday,False
0,2022-08-22 10:00:00,110,100,90,55,45,45,30,0,0,Monday,False
0,2022-08-22 10:15:00,110,80,90,55,45,45,20,0,0,Monday,False
0,2022-08-22 10:30:00,100,70,90,55,50,40,20,0,0,Monday,False
0,2022-08-22 10:45:00,90,75,80,55,50,40,25,0,0,Monday,False
0,2022-08-22 11:00:00,90,65,75,55,40,40,25,0,0,Monday,False
0,2022-08-22 11:15:00,85,65,65,50,40,40,15,0,0,Monday,False
0,2022-08-22 11:30:00,85,75,65,45,40,35,15,0,0,Monday,False
0,2022-08-22 11:45:00,85,70,65,45,40,30,20,0,0,Monday,False
0,2022-08-22 12:00:00,95,60,80,45,35,30,20,0,0,Monday,False
0,2022-08-22 12:15:00,95,60,65,45,35,30,20,0,0,Monday,False
0,2022-08-22 12:30:00,95,75,60,45,35,30,25,0,0,Monday,False
0,2022-08-22 12:45:00,100,70,60,45,40,30,15,0,0,Monday,False
0,2022-08-22 13:00:00,95,75,60,50,40,40,15,0,0,Monday,False
0,2022-08-22 13:15:00,85,70,65,50,35,35,20,0,0,Monday,False
0,2022-08-22 13:30:00,75,60,70,50,35,35,20,0,0,Monday,False
0,2022-08-22 13:45:00,80,60,65,45,35,35,25,0,0,Monday,False
0,2022-08-22 14:00:00,80,60,65,40,35,35,25,0,0,Monday,False
0,2022-08-22 14:15:00,80,65,60,40,50,35,15,0,0,Monday,False
0,2022-08-22 14:30:00,85,75,65,45,45,40,15,0,0,Monday,False
0,2022-08-22 14:45:00,90,80,65,45,40,40,20,0,0,Monday,False
0,2022-08-22 15:00:00,90,70,75,45,35,35,25,0,0,Monday,False
0,2022-08-22 15:15:00,80,70,80,45,35,30,25,0,0,Monday,False
0,2022-08-22 15:30:00,75,60,80,45,35,30,15,0,0,Monday,False
0,2022-08-22 15:45:00,70,65,70,40,35,30,15,0,0,Monday,False
0,2022-08-22 16:00:00,70,75,50,35,35,25,20,0,0,Monday,False
0,2022-08-22 16:15:00,65,70,45,35,35,30,20,0,0,Monday,False
0,2022-08-22 16:30:00,80,70,55,40,30,30,25,0,0,Monday,False
0,2022-08-22 16:45:00,90,65,55,40,25,30,25,0,0,Monday,False
0,2022-08-22 17:00:00,85,65,60,40,25,25,30,0,0,Monday,False
0,2022-08-22 17:15:00,85,65,60,35,25,25,15,0,0,Monday,False
0,2022-08-22 17:30:00,80,65,50,35,30,25,20,0,0,Monday,False
0,2022-08-22 17:45:00,70,85,60,40,35,25,15,0,0,Monday,False
0,2022-08-22 18:00:00,90,85,70,50,35,25,20,0,0,Monday,False
0,2022-08-22 18:15:00,95,75,70,50,30,30,15,0,0,Monday,False
0,2022-08-22 18:30:00,90,75,60,35,30,30,20,0,0,Monday,False
0,2022-08-22 18:45:00,85,60,60,30,30,30,25,0,0,Monday,False
0,2022-08-22 19:00:00,80,65,60,30,25,25,15,0,0,Monday,False
0,2022-08-22 19:15:00,75,65,65,35,20,25,15,0,0,Monday,False
0,2022-08-22 19:30:00,75,65,70,35,20,25,15,0,0,Monday,False
0,2022-08-22 19:45:00,80,65,70,35,20,25,20,0,0,Monday,False
0,2022-08-22 20:00:00,0,0,70,35,20,25,0,0,0,Monday,False
0,2022-08-22 20:15:00,0,0,0,35,15,25,0,0,0,Monday,False
0,2022-08-22 20:30:00,0,0,0,0,10,20,0,0,0,Monday,False
0,2022-08-22 20:45:00,0,0,0,0,0,0,0,0,0,Monday,False
0,2022-08-23 09:00:00,140,100,120,55,35,5,0,0,1,Tuesday,False
0,2022-08-23 09:15:00,120,90,110,60,40,5,0,0,1,Tuesday,False
0,2022-08-23 09:30:00,130,110,100,70,45,40,0,0,1,Tuesday,False
0,2022-08-23 09:45:00,140,120,90,70,50,40,0,0,1,Tuesday,False
0,2022-08-23 10:00:00,130,120,90,70,55,45,5,0,1,Tuesday,False
0,2022-08-23 10:15:00,130,110,90,70,55,50,15,0,1,Tuesday,False
0,2022-08-23 10:30:00,110,90,90,70,50,45,20,0,1,Tuesday,False
0,2022-08-23 10:45:00,100,80,100,65,55,45,25,0,1,Tuesday,False
0,2022-08-23 11:00:00,105,65,100,65,50,45,25,0,1,Tuesday,False
0,2022-08-23 11:15:00,105,65,90,65,50,45,30,0,1,Tuesday,False
0,2022-08-23 11:30:00,105,70,80,65,45,40,15,0,1,Tuesday,False
0,2022-08-23 11:45:00,115,75,80,70,45,35,15,0,1,Tuesday,False
0,2022-08-23 12:00:00,115,75,80,65,45,40,20,0,1,Tuesday,False
0,2022-08-23 12:15:00,110,75,70,60,45,40,25,0,1,Tuesday,False
0,2022-08-23 12:30:00,90,70,70,55,45,40,25,0,1,Tuesday,False
0,2022-08-23 12:45:00,95,75,70,55,45,40,25,0,1,Tuesday,False
0,2022-08-23 13:00:00,95,85,70,55,45,35,15,0,1,Tuesday,False
0,2022-08-23 13:15:00,110,90,60,60,45,35,20,0,1,Tuesday,False
0,2022-08-23 13:30:00,110,90,80,65,45,40,20,0,1,Tuesday,False
0,2022-08-23 13:45:00,100,80,80,60,45,40,20,0,1,Tuesday,False
0,2022-08-23 14:00:00,95,75,80,60,45,40,25,0,1,Tuesday,False
0,2022-08-23 14:15:00,90,75,80,60,55,45,25,0,1,Tuesday,False
0,2022-08-23 14:30:00,90,80,80,60,55,45,30,0,1,Tuesday,False
0,2022-08-23 14:45:00,100,80,80,55,50,45,20,0,1,Tuesday,False
0,2022-08-23 15:00:00,120,75,80,55,45,40,20,0,1,Tuesday,False
0,2022-08-23 15:15:00,115,75,70,55,45,35,25,0,1,Tuesday,False
0,2022-08-23 15:30:00,115,75,80,55,45,35,30,0,1,Tuesday,False
0,2022-08-23 15:45:00,105,75,75,60,45,40,15,0,1,Tuesday,False
0,2022-08-23 16:00:00,95,90,70,60,45,35,15,0,1,Tuesday,False
0,2022-08-23 16:15:00,90,90,75,55,40,35,15,0,1,Tuesday,False
0,2022-08-23 16:30:00,105,95,90,55,40,40,25,0,1,Tuesday,False
0,2022-08-23 16:45:00,120,95,90,55,40,40,45,0,1,Tuesday,False
0,2022-08-23 17:00:00,120,95,90,50,40,40,30,0,1,Tuesday,False
0,2022-08-23 17:15:00,130,95,90,45,35,40,15,0,1,Tuesday,False
0,2022-08-23 17:30:00,120,90,90,50,35,30,25,0,1,Tuesday,False
0,2022-08-23 17:45:00,120,90,90,55,40,35,25,0,1,Tuesday,False
0,2022-08-23 18:00:00,130,75,100,55,45,40,15,0,1,Tuesday,False
0,2022-08-23 18:15:00,130,90,90,55,45,45,15,0,1,Tuesday,False
0,2022-08-23 18:30:00,130,90,100,55,40,45,20,0,1,Tuesday,False
0,2022-08-23 18:45:00,130,90,100,50,40,45,25,0,1,Tuesday,False
0,2022-08-23 19:00:00,0,90,100,50,35,40,15,0,1,Tuesday,False
0,2022-08-23 19:15:00,0,90,100,50,35,35,15,0,1,Tuesday,False
0,2022-08-23 19:30:00,0,90,0,50,35,30,15,0,1,Tuesday,False
0,2022-08-23 19:45:00,0,0,0,50,45,30,20,0,1,Tuesday,False
0,2022-08-23 20:00:00,0,0,0,55,40,35,0,0,1,Tuesday,False
0,2022-08-23 20:15:00,0,0,0,0,30,35,0,0,1,Tuesday,False
0,2022-08-23 20:30:00,0,0,0,0,25,0,0,0,1,Tuesday,False
0,2022-08-23 20:45:00,0,0,0,0,0,0,0,0,1,Tuesday,False
0,2022-08-24 09:00:00,150,100,5,60,25,5,0,0,2,Wednesday,False
0,2022-08-24 09:15:00,140,110,110,60,25,10,0,0,2,Wednesday,False
0,2022-08-24 09:30:00,120,110,120,65,50,40,0,0,2,Wednesday,False
0,2022-08-24 09:45:00,120,120,100,70,55,45,0,0,2,Wednesday,False
0,2022-08-24 10:00:00,120,100,90,70,55,45,5,0,2,Wednesday,False
0,2022-08-24 10:15:00,110,100,90,65,50,50,15,0,2,Wednesday,False
0,2022-08-24 10:30:00,100,100,80,65,45,45,20,0,2,Wednesday,False
0,2022-08-24 10:45:00,100,100,80,65,45,45,25,0,2,Wednesday,False
0,2022-08-24 11:00:00,90,90,80,60,45,40,25,0,2,Wednesday,False
0,2022-08-24 11:15:00,90,70,75,55,45,40,20,0,2,Wednesday,False
0,2022-08-24 11:30:00,90,70,70,55,40,35,20,0,2,Wednesday,False
0,2022-08-24 11:45:00,90,70,65,50,40,35,15,0,2,Wednesday,False
0,2022-08-24 12:00:00,95,75,75,50,40,40,25,0,2,Wednesday,False
0,2022-08-24 12:15:00,100,75,70,50,35,40,25,0,2,Wednesday,False
0,2022-08-24 12:30:00,100,65,65,50,40,45,25,0,2,Wednesday,False
0,2022-08-24 12:45:00,100,65,60,50,40,35,15,0,2,Wednesday,False
0,2022-08-24 13:00:00,100,80,70,50,40,35,15,0,2,Wednesday,False
0,2022-08-24 13:15:00,100,80,80,55,35,40,15,0,2,Wednesday,False
0,2022-08-24 13:30:00,95,75,70,50,35,35,20,0,2,Wednesday,False
0,2022-08-24 13:45:00,85,75,65,45,40,35,25,0,2,Wednesday,False
0,2022-08-24 14:00:00,85,75,55,50,35,40,25,0,2,Wednesday,False
0,2022-08-24 14:15:00,90,75,65,55,50,40,15,0,2,Wednesday,False
0,2022-08-24 14:30:00,90,85,60,55,45,40,15,0,2,Wednesday,False
0,2022-08-24 14:45:00,90,75,65,55,45,40,15,0,2,Wednesday,False
0,2022-08-24 15:00:00,100,75,70,50,40,40,20,0,2,Wednesday,False
0,2022-08-24 15:15:00,100,70,70,45,40,40,25,0,2,Wednesday,False
0,2022-08-24 15:30:00,90,70,65,50,40,35,30,0,2,Wednesday,False
0,2022-08-24 15:45:00,90,75,55,45,35,35,15,0,2,Wednesday,False
0,2022-08-24 16:00:00,95,80,55,45,35,30,15,0,2,Wednesday,False
0,2022-08-24 16:15:00,95,80,65,45,35,40,25,0,2,Wednesday,False
0,2022-08-24 16:30:00,95,80,65,45,35,40,25,0,2,Wednesday,False
0,2022-08-24 16:45:00,95,70,65,45,35,40,20,0,2,Wednesday,False
0,2022-08-24 17:00:00,95,70,65,40,35,35,25,0,2,Wednesday,False
0,2022-08-24 17:15:00,100,75,60,40,30,35,20,0,2,Wednesday,False
0,2022-08-24 17:30:00,110,75,65,40,25,35,25,0,2,Wednesday,False
0,2022-08-24 17:45:00,95,75,65,35,35,30,25,0,2,Wednesday,False
0,2022-08-24 18:00:00,110,80,70,50,35,35,30,0,2,Wednesday,False
0,2022-08-24 18:15:00,110,80,70,45,35,40,15,0,2,Wednesday,False
0,2022-08-24 18:30:00,100,85,70,40,35,40,20,0,2,Wednesday,False
0,2022-08-24 18:45:00,90,70,70,40,30,35,25,0,2,Wednesday,False
0,2022-08-24 19:00:00,95,60,75,40,25,25,25,0,2,Wednesday,False
0,2022-08-24 19:15:00,90,75,75,35,20,25,15,0,2,Wednesday,False
0,2022-08-24 19:30:00,0,75,75,35,20,25,15,0,2,Wednesday,False
0,2022-08-24 19:45:00,0,0,0,45,20,25,25,0,2,Wednesday,False
0,2022-08-24 20:00:00,0,0,0,50,25,25,0,0,2,Wednesday,False
0,2022-08-24 20:15:00,0,0,0,45,25,25,0,0,2,Wednesday,False
0,2022-08-24 20:30:00,0,0,0,0,20,25,0,0,2,Wednesday,False
0,2022-08-24 20:45:00,0,0,0,0,15,0,0,0,2,Wednesday,False
0,2022-08-25 09:00:00,0,0,0,0,0,0,0,0,3,Thursday,False
0,2022-08-25 09:15:00,160,130,100,60,35,10,0,0,3,Thursday,False
0,2022-08-25 09:30:00,140,130,100,60,45,30,0,0,3,Thursday,False
0,2022-08-25 09:45:00,140,120,100,60,50,45,0,0,3,Thursday,False
0,2022-08-25 10:00:00,120,110,100,60,50,45,25,0,3,Thursday,False
0,2022-08-25 10:15:00,110,95,90,60,45,45,20,0,3,Thursday,False
0,2022-08-25 10:30:00,110,85,90,65,45,40,25,0,3,Thursday,False
0,2022-08-25 10:45:00,80,70,70,60,45,40,15,0,3,Thursday,False
0,2022-08-25 11:00:00,95,75,65,55,45,40,15,0,3,Thursday,False
0,2022-08-25 11:15:00,100,75,65,50,45,40,15,0,3,Thursday,False
0,2022-08-25 11:30:00,100,65,70,50,45,35,15,0,3,Thursday,False
0,2022-08-25 11:45:00,100,65,70,45,40,35,15,0,3,Thursday,False
0,2022-08-25 12:00:00,100,70,70,40,40,35,15,0,3,Thursday,False
0,2022-08-25 12:15:00,100,80,70,40,40,45,25,0,3,Thursday,False
0,2022-08-25 12:30:00,100,70,70,50,40,40,25,0,3,Thursday,False
0,2022-08-25 12:45:00,100,70,80,50,40,40,10,0,3,Thursday,False
0,2022-08-25 13:00:00,95,80,80,50,40,35,15,0,3,Thursday,False
0,2022-08-25 13:15:00,95,80,80,50,40,35,20,0,3,Thursday,False
0,2022-08-25 13:30:00,90,80,65,45,35,35,25,0,3,Thursday,False
0,2022-08-25 13:45:00,90,80,65,45,35,35,25,0,3,Thursday,False
0,2022-08-25 14:00:00,100,50,65,40,40,35,25,0,3,Thursday,False
0,2022-08-25 14:15:00,100,60,65,45,45,40,15,0,3,Thursday,False
0,2022-08-25 14:30:00,100,70,80,45,40,45,15,0,3,Thursday,False
0,2022-08-25 14:45:00,100,70,80,50,40,40,20,0,3,Thursday,False
0,2022-08-25 15:00:00,100,75,65,45,40,35,20,0,3,Thursday,False
0,2022-08-25 15:15:00,95,70,60,40,40,35,25,0,3,Thursday,False
0,2022-08-25 15:30:00,90,70,60,40,40,40,20,0,3,Thursday,False
0,2022-08-25 15:45:00,90,70,55,40,35,40,15,0,3,Thursday,False
0,2022-08-25 16:00:00,90,70,60,35,35,35,20,0,3,Thursday,False
0,2022-08-25 16:15:00,90,70,60,40,35,35,20,0,3,Thursday,False
0,2022-08-25 16:30:00,90,75,70,45,30,35,25,0,3,Thursday,False
0,2022-08-25 16:45:00,90,75,70,45,30,35,15,0,3,Thursday,False
0,2022-08-25 17:00:00,100,75,60,35,30,30,35,0,3,Thursday,False
0,2022-08-25 17:15:00,100,75,60,35,35,30,20,0,3,Thursday,False
0,2022-08-25 17:30:00,100,70,60,40,25,30,25,0,3,Thursday,False
0,2022-08-25 17:45:00,100,70,65,40,25,35,15,0,3,Thursday,False
0,2022-08-25 18:00:00,100,80,75,40,30,35,25,0,3,Thursday,False
0,2022-08-25 18:15:00,105,80,75,40,40,35,20,0,3,Thursday,False
0,2022-08-25 18:30:00,105,80,75,35,35,30,25,0,3,Thursday,False
0,2022-08-25 18:45:00,105,70,75,35,30,30,30,0,3,Thursday,False
0,2022-08-25 19:00:00,100,70,75,40,25,25,15,0,3,Thursday,False
0,2022-08-25 19:15:00,90,70,75,40,20,25,25,0,3,Thursday,False
0,2022-08-25 19:30:00,0,70,80,35,20,25,25,0,3,Thursday,False
0,2022-08-25 19:45:00,0,70,0,30,25,25,20,0,3,Thursday,False
0,2022-08-25 20:00:00,0,0,0,30,25,25,0,0,3,Thursday,False
0,2022-08-25 20:15:00,0,0,0,35,15,25,0,0,3,Thursday,False
0,2022-08-25 20:30:00,0,0,0,0,10,25,0,0,3,Thursday,False
0,2022-08-25 20:45:00,0,0,0,0,5,0,0,0,3,Thursday,False
0,2022-08-26 09:00:00,150,105,110,0,45,5,0,0,4,Friday,False
0,2022-08-26 09:15:00,150,110,120,0,50,15,0,0,4,Friday,False
0,2022-08-26 09:30:00,135,125,110,0,50,40,0,0,4,Friday,False
0,2022-08-26 09:45:00,135,115,100,50,50,40,0,0,4,Friday,False
0,2022-08-26 10:00:00,115,115,100,55,45,40,10,0,4,Friday,False
0,2022-08-26 10:15:00,115,110,100,60,45,40,25,0,4,Friday,False
0,2022-08-26 10:30:00,100,70,90,65,40,40,15,0,4,Friday,False
0,2022-08-26 10:45:00,100,70,80,65,40,35,25,0,4,Friday,False
0,2022-08-26 11:00:00,100,60,60,55,45,40,25,0,4,Friday,False
0,2022-08-26 11:15:00,100,60,60,50,45,40,15,0,4,Friday,False
0,2022-08-26 11:30:00,110,80,60,45,40,35,15,0,4,Friday,False
0,2022-08-26 11:45:00,100,80,70,45,40,35,15,0,4,Friday,False
0,2022-08-26 12:00:00,90,80,70,50,35,35,25,0,4,Friday,False
0,2022-08-26 12:15:00,90,80,80,55,35,30,25,0,4,Friday,False
0,2022-08-26 12:30:00,90,70,80,55,40,30,20,0,4,Friday,False
0,2022-08-26 12:45:00,110,60,70,55,40,35,15,0,4,Friday,False
0,2022-08-26 13:00:00,110,70,80,45,40,35,15,0,4,Friday,False
0,2022-08-26 13:15:00,110,70,80,45,35,30,20,0,4,Friday,False
0,2022-08-26 13:30:00,90,70,55,45,40,30,20,0,4,Friday,False
0,2022-08-26 13:45:00,90,70,55,50,35,30,25,0,4,Friday,False
0,2022-08-26 14:00:00,80,70,60,50,35,35,25,0,4,Friday,False
0,2022-08-26 14:15:00,90,80,65,45,45,30,20,0,4,Friday,False
0,2022-08-26 14:30:00,100,80,70,45,40,30,15,0,4,Friday,False
0,2022-08-26 14:45:00,110,60,70,45,40,35,20,0,4,Friday,False
0,2022-08-26 15:00:00,110,60,70,45,35,35,20,0,4,Friday,False
0,2022-08-26 15:15:00,80,80,70,45,35,35,20,0,4,Friday,False
0,2022-08-26 15:30:00,80,80,65,45,35,30,30,0,4,Friday,False
0,2022-08-26 15:45:00,100,80,70,45,35,30,15,0,4,Friday,False
0,2022-08-26 16:00:00,100,80,70,40,35,30,15,0,4,Friday,False
0,2022-08-26 16:15:00,90,80,65,35,35,30,20,0,4,Friday,False
0,2022-08-26 16:30:00,90,70,70,40,35,30,25,0,4,Friday,False
0,2022-08-26 16:45:00,90,60,75,45,35,30,20,0,4,Friday,False
0,2022-08-26 17:00:00,90,50,70,45,30,30,30,0,4,Friday,False
0,2022-08-26 17:15:00,90,80,65,40,30,25,20,0,4,Friday,False
0,2022-08-26 17:30:00,90,70,65,45,25,30,30,0,4,Friday,False
0,2022-08-26 17:45:00,100,70,75,45,25,30,25,0,4,Friday,False
0,2022-08-26 18:00:00,120,90,75,50,35,30,15,0,4,Friday,False
0,2022-08-26 18:15:00,120,80,75,45,35,30,15,0,4,Friday,False
0,2022-08-26 18:30:00,100,70,75,40,30,30,25,0,4,Friday,False
0,2022-08-26 18:45:00,90,65,70,35,30,30,25,0,4,Friday,False
0,2022-08-26 19:00:00,90,70,75,35,20,35,25,0,4,Friday,False
0,2022-08-26 19:15:00,90,75,75,40,20,30,15,0,4,Friday,False
0,2022-08-26 19:30:00,80,75,80,40,20,20,15,0,4,Friday,False
0,2022-08-26 19:45:00,0,80,80,40,25,25,20,0,4,Friday,False
0,2022-08-26 20:00:00,0,0,0,40,20,25,0,0,4,Friday,False
0,2022-08-26 20:15:00,0,0,0,40,20,30,0,0,4,Friday,False
0,2022-08-26 20:30:00,0,0,0,40,20,0,0,0,4,Friday,False
0,2022-08-26 20:45:00,0,0,0,0,15,0,0,0,4,Friday,False
0,2022-08-27 09:00:00,160,120,90,55,25,5,0,0,5,Saturday,False
0,2022-08-27 09:15:00,160,120,100,65,35,5,0,0,5,Saturday,False
0,2022-08-27 09:30:00,150,130,90,65,50,30,0,0,5,Saturday,False
0,2022-08-27 09:45:00,150,120,100,60,50,40,0,0,5,Saturday,False
0,2022-08-27 10:00:00,150,120,100,60,50,40,30,0,5,Saturday,False
0,2022-08-27 10:15:00,140,100,100,60,45,40,15,0,5,Saturday,False
0,2022-08-27 10:30:00,130,100,90,55,45,35,20,0,5,Saturday,False
0,2022-08-27 10:45:00,120,90,80,50,45,35,20,0,5,Saturday,False
0,2022-08-27 11:00:00,120,80,70,50,45,30,25,0,5,Saturday,False
0,2022-08-27 11:15:00,100,80,70,45,45,30,15,0,5,Saturday,False
0,2022-08-27 11:30:00,100,70,65,50,40,30,15,0,5,Saturday,False
0,2022-08-27 11:45:00,90,65,65,55,40,30,15,0,5,Saturday,False
0,2022-08-27 12:00:00,110,70,70,55,35,30,25,0,5,Saturday,False
0,2022-08-27 12:15:00,120,70,70,50,35,30,20,0,5,Saturday,False
0,2022-08-27 12:30:00,120,70,75,40,40,35,15,0,5,Saturday,False
0,2022-08-27 12:45:00,110,70,80,45,40,30,15,0,5,Saturday,False
0,2022-08-27 13:00:00,100,70,75,55,40,30,15,0,5,Saturday,False
0,2022-08-27 13:15:00,100,70,60,55,40,30,20,0,5,Saturday,False
0,2022-08-27 13:30:00,100,70,60,50,40,25,20,0,5,Saturday,False
0,2022-08-27 13:45:00,100,70,65,45,40,25,25,0,5,Saturday,False
0,2022-08-27 14:00:00,100,60,70,45,35,30,25,0,5,Saturday,False
0,2022-08-27 14:15:00,100,60,65,45,50,30,15,0,5,Saturday,False
0,2022-08-27 14:30:00,100,60,65,40,45,30,20,0,5,Saturday,False
0,2022-08-27 14:45:00,100,75,65,40,45,35,20,0,5,Saturday,False
0,2022-08-27 15:00:00,100,75,65,45,35,30,15,0,5,Saturday,False
0,2022-08-27 15:15:00,100,75,65,45,35,30,30,0,5,Saturday,False
0,2022-08-27 15:30:00,100,70,65,40,40,30,30,0,5,Saturday,False
0,2022-08-27 15:45:00,100,70,65,45,35,30,15,0,5,Saturday,False
0,2022-08-27 16:00:00,110,65,60,45,35,30,15,0,5,Saturday,False
0,2022-08-27 16:15:00,110,65,60,0,35,30,20,0,5,Saturday,False
0,2022-08-27 16:30:00,95,90,70,0,40,35,25,0,5,Saturday,False
0,2022-08-27 16:45:00,90,85,75,0,45,35,15,0,5,Saturday,False
0,2022-08-27 17:00:00,90,85,80,0,40,35,35,0,5,Saturday,False
0,2022-08-27 17:15:00,100,80,75,0,35,35,20,0,5,Saturday,False
0,2022-08-27 17:30:00,105,80,65,0,30,35,20,0,5,Saturday,False
0,2022-08-27 17:45:00,105,75,70,0,30,30,25,0,5,Saturday,False
0,2022-08-27 18:00:00,120,85,80,0,30,30,15,0,5,Saturday,False
0,2022-08-27 18:15:00,130,80,80,15,35,35,15,0,5,Saturday,False
0,2022-08-27 18:30:00,120,70,80,40,35,35,20,0,5,Saturday,False
0,2022-08-27 18:45:00,110,70,80,60,30,25,25,0,5,Saturday,False
0,2022-08-27 19:00:00,100,80,75,60,25,25,25,0,5,Saturday,False
0,2022-08-27 19:15:00,90,80,80,60,20,25,15,0,5,Saturday,False
0,2022-08-27 19:30:00,90,85,90,55,20,30,20,0,5,Saturday,False
0,2022-08-27 19:45:00,90,85,90,45,20,25,20,0,5,Saturday,False
0,2022-08-27 20:00:00,0,65,0,40,20,25,0,0,5,Saturday,False
0,2022-08-27 20:15:00,0,0,0,40,20,25,0,0,5,Saturday,False
0,2022-08-27 20:30:00,0,0,0,40,10,15,0,0,5,Saturday,False
0,2022-08-27 20:45:00,0,0,0,0,5,10,0,0,5,Saturday,False
0,2022-08-28 09:00:00,140,120,100,5,25,5,0,0,6,Sunday,False
0,2022-08-28 09:15:00,140,120,110,60,30,5,0,0,6,Sunday,False
0,2022-08-28 09:30:00,140,110,100,65,35,25,0,0,6,Sunday,False
0,2022-08-28 09:45:00,130,100,100,65,45,35,0,0,6,Sunday,False
0,2022-08-28 10:00:00,130,80,90,60,50,40,25,0,6,Sunday,False
0,2022-08-28 10:15:00,125,80,90,55,45,35,20,0,6,Sunday,False
0,2022-08-28 10:30:00,100,90,80,50,35,35,20,0,6,Sunday,False
0,2022-08-28 10:45:00,90,80,65,50,30,30,20,0,6,Sunday,False
0,2022-08-28 11:00:00,90,75,65,50,40,25,25,0,6,Sunday,False
0,2022-08-28 11:15:00,85,65,65,50,40,30,15,0,6,Sunday,False
0,2022-08-28 11:30:00,100,65,65,45,40,30,20,0,6,Sunday,False
0,2022-08-28 11:45:00,100,65,65,45,35,30,15,0,6,Sunday,False
0,2022-08-28 12:00:00,100,60,50,50,30,30,20,0,6,Sunday,False
0,2022-08-28 12:15:00,90,70,50,45,30,30,25,0,6,Sunday,False
0,2022-08-28 12:30:00,95,65,50,45,35,30,15,0,6,Sunday,False
0,2022-08-28 12:45:00,100,60,50,40,35,30,15,0,6,Sunday,False
0,2022-08-28 13:00:00,100,70,55,45,35,30,15,0,6,Sunday,False
0,2022-08-28 13:15:00,100,70,60,50,35,30,15,0,6,Sunday,False
0,2022-08-28 13:30:00,95,65,60,50,25,30,15,0,6,Sunday,False
0,2022-08-28 13:45:00,95,65,60,40,25,30,20,0,6,Sunday,False
0,2022-08-28 14:00:00,95,65,60,40,30,30,25,0,6,Sunday,False
0,2022-08-28 14:15:00,95,70,65,40,45,30,15,0,6,Sunday,False
0,2022-08-28 14:30:00,90,70,70,35,40,30,15,0,6,Sunday,False
0,2022-08-28 14:45:00,90,70,70,40,40,30,15,0,6,Sunday,False
0,2022-08-28 15:00:00,85,70,60,40,30,30,20,0,6,Sunday,False
0,2022-08-28 15:15:00,85,70,60,40,30,30,25,0,6,Sunday,False
0,2022-08-28 15:30:00,95,70,60,40,25,30,15,0,6,Sunday,False
0,2022-08-28 15:45:00,95,70,65,45,25,30,15,0,6,Sunday,False
0,2022-08-28 16:00:00,90,65,65,35,30,30,15,0,6,Sunday,False
0,2022-08-28 16:15:00,90,65,60,35,30,30,15,0,6,Sunday,False
0,2022-08-28 16:30:00,95,70,70,35,30,35,25,0,6,Sunday,False
0,2022-08-28 16:45:00,95,65,70,40,25,35,15,0,6,Sunday,False
0,2022-08-28 17:00:00,85,60,55,35,25,35,35,0,6,Sunday,False
0,2022-08-28 17:15:00,85,55,50,35,20,30,20,0,6,Sunday,False
0,2022-08-28 17:30:00,90,55,45,30,20,30,25,0,6,Sunday,False
0,2022-08-28 17:45:00,85,70,50,30,20,25,25,0,6,Sunday,False
0,2022-08-28 18:00:00,90,75,70,35,20,25,15,0,6,Sunday,False
0,2022-08-28 18:15:00,95,75,65,35,20,25,15,0,6,Sunday,False
0,2022-08-28 18:30:00,95,70,65,35,20,25,15,0,6,Sunday,False
0,2022-08-28 18:45:00,90,60,55,35,20,25,25,0,6,Sunday,False
0,2022-08-28 19:00:00,90,55,55,35,15,25,25,0,6,Sunday,False
0,2022-08-28 19:15:00,95,60,55,30,15,25,20,0,6,Sunday,False
0,2022-08-28 19:30:00,90,65,60,25,10,20,15,0,6,Sunday,False
0,2022-08-28 19:45:00,0,65,60,25,10,20,25,0,6,Sunday,False
0,2022-08-28 20:00:00,0,0,0,25,10,20,0,0,6,Sunday,False
0,2022-08-28 20:15:00,0,0,0,25,5,20,0,0,6,Sunday,False
0,2022-08-28 20:30:00,0,0,0,30,5,15,0,0,6,Sunday,False
0,2022-08-28 20:45:00,0,0,0,0,10,0,0,0,6,Sunday,False
0,2022-08-29 09:00:00,130,85,120,5,50,5,0,0,0,Monday,False
0,2022-08-29 09:15:00,140,110,100,0,50,20,0,0,0,Monday,False
0,2022-08-29 09:30:00,120,100,80,0,45,40,0,0,0,Monday,False
0,2022-08-29 09:45:00,110,90,90,0,40,40,0,0,0,Monday,False
0,2022-08-29 10:00:00,120,80,90,10,45,45,15,15,0,Monday,False
0,2022-08-29 10:15:00,110,80,90,60,40,40,20,20,0,Monday,False
0,2022-08-29 10:30:00,110,80,80,55,40,35,25,20,0,Monday,False
0,2022-08-29 10:45:00,90,70,80,50,40,35,20,20,0,Monday,False
0,2022-08-29 11:00:00,90,65,60,50,40,40,20,20,0,Monday,False
0,2022-08-29 11:15:00,80,55,50,50,40,35,20,15,0,Monday,False
0,2022-08-29 11:30:00,80,55,55,45,35,35,15,20,0,Monday,False
0,2022-08-29 11:45:00,85,55,60,45,35,30,20,15,0,Monday,False
0,2022-08-29 12:00:00,85,50,60,45,35,30,20,15,0,Monday,False
0,2022-08-29 12:15:00,100,60,65,55,30,30,25,15,0,Monday,False
0,2022-08-29 12:30:00,90,50,60,60,35,25,25,20,0,Monday,False
0,2022-08-29 12:45:00,80,55,65,50,35,35,15,25,0,Monday,False
0,2022-08-29 13:00:00,80,70,75,45,35,30,15,20,0,Monday,False
0,2022-08-29 13:15:00,80,70,75,45,35,30,15,20,0,Monday,False
0,2022-08-29 13:30:00,80,70,75,45,35,30,20,15,0,Monday,False
0,2022-08-29 13:45:00,80,70,75,50,35,35,25,15,0,Monday,False
0,2022-08-29 14:00:00,85,55,70,50,35,30,25,15,0,Monday,False
0,2022-08-29 14:15:00,70,55,70,50,45,30,20,15,0,Monday,False
0,2022-08-29 14:30:00,75,65,60,45,45,30,15,30,0,Monday,False
0,2022-08-29 14:45:00,85,70,55,45,40,35,15,20,0,Monday,False
0,2022-08-29 15:00:00,90,70,60,45,30,35,20,20,0,Monday,False
0,2022-08-29 15:15:00,90,65,55,45,25,30,25,20,0,Monday,False
0,2022-08-29 15:30:00,80,70,55,40,25,30,25,20,0,Monday,False
0,2022-08-29 15:45:00,75,65,65,35,25,30,15,20,0,Monday,False
0,2022-08-29 16:00:00,70,60,70,30,25,25,15,15,0,Monday,False
0,2022-08-29 16:15:00,65,60,65,40,25,30,20,20,0,Monday,False
0,2022-08-29 16:30:00,70,65,70,40,25,25,25,30,0,Monday,False
0,2022-08-29 16:45:00,70,65,65,40,25,25,45,15,0,Monday,False
0,2022-08-29 17:00:00,75,65,60,35,20,20,35,15,0,Monday,False
0,2022-08-29 17:15:00,75,65,55,35,20,20,20,20,0,Monday,False
0,2022-08-29 17:30:00,75,50,55,45,20,25,20,25,0,Monday,False
0,2022-08-29 17:45:00,75,70,65,45,15,25,25,20,0,Monday,False
0,2022-08-29 18:00:00,80,70,70,40,20,25,20,30,0,Monday,False
0,2022-08-29 18:15:00,80,70,65,35,25,35,20,30,0,Monday,False
0,2022-08-29 18:30:00,80,75,65,35,25,30,15,15,0,Monday,False
0,2022-08-29 18:45:00,75,75,65,35,20,30,25,20,0,Monday,False
0,2022-08-29 19:00:00,75,60,55,40,15,25,25,15,0,Monday,False
0,2022-08-29 19:15:00,75,60,65,35,10,25,15,20,0,Monday,False
0,2022-08-29 19:30:00,70,55,65,35,10,20,15,20,0,Monday,False
0,2022-08-29 19:45:00,70,65,70,35,15,25,20,20,0,Monday,False
0,2022-08-29 20:00:00,0,55,0,30,10,20,0,20,0,Monday,False
0,2022-08-29 20:15:00,0,0,0,35,5,20,0,20,0,Monday,False
0,2022-08-29 20:30:00,0,0,0,35,10,20,0,15,0,Monday,False
0,2022-08-29 20:45:00,0,0,0,0,5,0,0,15,0,Monday,False
0,2022-08-30 09:00:00,130,0,130,70,40,5,0,0,1,Tuesday,False
0,2022-08-30 09:15:00,120,0,130,75,50,30,0,0,1,Tuesday,False
0,2022-08-30 09:30:00,120,0,110,75,50,55,0,0,1,Tuesday,False
0,2022-08-30 09:45:00,120,0,110,75,55,60,0,0,1,Tuesday,False
0,2022-08-30 10:00:00,120,0,110,75,55,50,30,30,1,Tuesday,False
0,2022-08-30 10:15:00,115,0,110,75,60,50,20,30,1,Tuesday,False
0,2022-08-30 10:30:00,115,0,110,70,60,60,20,35,1,Tuesday,False
0,2022-08-30 10:45:00,110,0,110,70,60,60,15,40,1,Tuesday,False
0,2022-08-30 11:00:00,110,110,100,70,55,60,25,35,1,Tuesday,False
0,2022-08-30 11:15:00,110,90,90,70,55,50,30,30,1,Tuesday,False
0,2022-08-30 11:30:00,110,80,90,65,55,50,15,30,1,Tuesday,False
0,2022-08-30 11:45:00,110,75,100,65,55,50,15,25,1,Tuesday,False
0,2022-08-30 12:00:00,110,80,100,75,50,50,20,20,1,Tuesday,False
0,2022-08-30 12:15:00,115,90,80,80,45,45,25,30,1,Tuesday,False
0,2022-08-30 12:30:00,115,105,80,80,50,45,25,30,1,Tuesday,False
0,2022-08-30 12:45:00,115,105,90,80,50,45,15,30,1,Tuesday,False
0,2022-08-30 13:00:00,110,100,90,75,50,50,15,45,1,Tuesday,False
0,2022-08-30 13:15:00,110,95,100,70,50,50,20,35,1,Tuesday,False
0,2022-08-30 13:30:00,110,85,90,70,50,60,20,35,1,Tuesday,False
0,2022-08-30 13:45:00,105,85,90,75,50,50,20,35,1,Tuesday,False
0,2022-08-30 14:00:00,105,90,80,70,60,50,30,35,1,Tuesday,False
0,2022-08-30 14:15:00,105,95,90,70,60,50,30,30,1,Tuesday,False
0,2022-08-30 14:30:00,110,100,100,75,55,50,40,35,1,Tuesday,False
0,2022-08-30 14:45:00,120,95,100,75,55,50,35,40,1,Tuesday,False
0,2022-08-30 15:00:00,120,95,100,75,45,45,20,40,1,Tuesday,False
0,2022-08-30 15:15:00,115,105,100,70,45,45,25,30,1,Tuesday,False
0,2022-08-30 15:30:00,105,105,90,70,45,50,30,30,1,Tuesday,False
0,2022-08-30 15:45:00,105,105,90,70,50,50,15,30,1,Tuesday,False
0,2022-08-30 16:00:00,110,105,90,60,50,50,15,25,1,Tuesday,False
0,2022-08-30 16:15:00,110,100,90,60,50,50,25,30,1,Tuesday,False
0,2022-08-30 16:30:00,120,100,100,70,50,50,30,45,1,Tuesday,False
0,2022-08-30 16:45:00,130,100,100,70,50,45,20,50,1,Tuesday,False
0,2022-08-30 17:00:00,130,110,110,70,45,35,35,45,1,Tuesday,False
0,2022-08-30 17:15:00,130,115,110,65,40,35,40,35,1,Tuesday,False
0,2022-08-30 17:30:00,130,110,110,65,40,40,20,35,1,Tuesday,False
0,2022-08-30 17:45:00,145,110,110,65,50,40,30,35,1,Tuesday,False
0,2022-08-30 18:00:00,150,110,110,70,50,40,30,45,1,Tuesday,False
0,2022-08-30 18:15:00,145,100,120,70,50,35,25,30,1,Tuesday,False
0,2022-08-30 18:30:00,135,90,110,65,45,45,20,25,1,Tuesday,False
0,2022-08-30 18:45:00,130,100,100,65,45,50,30,30,1,Tuesday,False
0,2022-08-30 19:00:00,0,100,110,65,40,40,25,35,1,Tuesday,False
0,2022-08-30 19:15:00,0,100,110,65,40,30,30,30,1,Tuesday,False
0,2022-08-30 19:30:00,0,0,0,65,40,30,20,30,1,Tuesday,False
0,2022-08-30 19:45:00,0,0,0,70,40,40,30,35,1,Tuesday,False
0,2022-08-30 20:00:00,0,0,0,70,40,40,0,35,1,Tuesday,False
0,2022-08-30 20:15:00,0,0,0,0,0,40,0,35,1,Tuesday,False
0,2022-08-30 20:30:00,0,0,0,0,0,0,0,35,1,Tuesday,False
0,2022-08-30 20:45:00,0,0,0,0,0,0,0,35,1,Tuesday,False
