,時間,ソアリン,トイストーリーマニア,タワーオブテラー,センターオブジアース,インディージョーンズ,レイジングスピリッツ,マジックランプシアター,タートルトーク,曜日_数値,曜日,休日
0,2022-08-01 09:00:00,90,85,80,40,20,5,0,0,0,Monday,False
1,2022-08-01 09:15:00,95,85,90,45,30,5,0,0,0,Monday,False
2,2022-08-01 09:30:00,95,85,90,50,30,15,0,0,0,Monday,False
3,2022-08-01 09:45:00,90,75,80,45,25,25,0,0,0,Monday,False
4,2022-08-01 10:00:00,80,60,80,45,35,35,10,5,0,Monday,False
5,2022-08-01 10:15:00,75,60,70,35,35,30,15,5,0,Monday,False
6,2022-08-01 10:30:00,65,50,55,35,35,25,20,20,0,Monday,False
7,2022-08-01 10:45:00,60,50,50,35,35,30,25,20,0,Monday,False
8,2022-08-01 11:00:00,60,45,60,40,35,30,25,20,0,Monday,False
9,2022-08-01 11:15:00,60,40,50,35,35,30,10,20,0,Monday,False
10,2022-08-01 11:30:00,60,40,50,35,35,25,15,20,0,Monday,False
11,2022-08-01 11:45:00,65,45,45,35,30,20,15,15,0,Monday,False
12,2022-08-01 12:00:00,70,60,45,35,30,20,20,15,0,Monday,False
13,2022-08-01 12:15:00,70,50,45,35,20,20,25,20,0,Monday,False
14,2022-08-01 12:30:00,60,50,45,40,15,25,15,15,0,Monday,False
15,2022-08-01 12:45:00,45,35,45,35,15,25,15,20,0,Monday,False
16,2022-08-01 13:00:00,45,55,45,30,15,25,15,20,0,Monday,False
17,2022-08-01 13:15:00,60,55,40,30,20,25,20,20,0,Monday,False
18,2022-08-01 13:30:00,70,50,40,25,20,20,20,20,0,Monday,False
19,2022-08-01 13:45:00,60,50,40,25,20,25,20,15,0,Monday,False
20,2022-08-01 14:00:00,60,50,40,30,20,25,25,20,0,Monday,False
21,2022-08-01 14:15:00,50,40,50,30,25,15,15,15,0,Monday,False
22,2022-08-01 14:30:00,50,50,50,30,35,20,15,30,0,Monday,False
23,2022-08-01 14:45:00,60,60,45,30,30,20,15,30,0,Monday,False
24,2022-08-01 15:00:00,65,60,50,30,20,20,20,20,0,Monday,False
25,2022-08-01 15:15:00,55,55,50,30,25,20,25,35,0,Monday,False
26,2022-08-01 15:30:00,55,50,45,20,20,10,25,20,0,Monday,False
27,2022-08-01 15:45:00,55,45,45,20,15,15,30,20,0,Monday,False
28,2022-08-01 16:00:00,55,45,40,20,15,25,15,30,0,Monday,False
29,2022-08-01 16:15:00,55,60,40,20,20,25,20,30,0,Monday,False
30,2022-08-01 16:30:00,60,60,45,20,20,20,25,30,0,Monday,False
31,2022-08-01 16:45:00,60,60,45,25,20,15,50,30,0,Monday,False
32,2022-08-01 17:00:00,55,55,40,25,15,15,35,30,0,Monday,False
33,2022-08-01 17:15:00,55,55,40,20,10,15,25,15,0,Monday,False
34,2022-08-01 17:30:00,50,45,40,25,5,15,25,20,0,Monday,False
35,2022-08-01 17:45:00,60,45,45,20,10,15,25,20,0,Monday,False
36,2022-08-01 18:00:00,70,65,45,20,20,15,15,20,0,Monday,False
37,2022-08-01 18:15:00,65,60,45,20,15,25,20,20,0,Monday,False
38,2022-08-01 18:30:00,60,55,50,20,15,20,20,20,0,Monday,False
39,2022-08-01 18:45:00,60,50,50,20,15,20,25,20,0,Monday,False
40,2022-08-01 19:00:00,60,40,45,20,10,20,25,15,0,Monday,False
41,2022-08-01 19:15:00,60,45,45,20,10,20,15,15,0,Monday,False
42,2022-08-01 19:30:00,60,55,55,20,5,15,15,20,0,Monday,False
43,2022-08-01 19:45:00,70,55,60,20,5,5,25,15,0,Monday,False
44,2022-08-01 20:00:00,0,0,60,20,5,10,0,20,0,Monday,False
45,2022-08-01 20:15:00,0,0,0,20,5,10,0,20,0,Monday,False
46,2022-08-01 20:30:00,0,0,0,20,5,10,0,20,0,Monday,False
47,2022-08-01 20:45:00,0,0,0,15,5,5,0,20,0,Monday,False
48,2022-08-02 09:00:00,90,80,80,40,30,10,0,0,1,Tuesday,False
49,2022-08-02 09:15:00,90,85,90,45,30,5,0,0,1,Tuesday,False
50,2022-08-02 09:30:00,95,80,75,45,20,20,0,0,1,Tuesday,False
51,2022-08-02 09:45:00,90,75,70,45,25,20,0,0,1,Tuesday,False
52,2022-08-02 10:00:00,85,60,70,45,30,25,10,5,1,Tuesday,False
53,2022-08-02 10:15:00,65,50,55,40,35,25,25,20,1,Tuesday,False
54,2022-08-02 10:30:00,65,45,55,40,35,25,20,20,1,Tuesday,False
55,2022-08-02 10:45:00,60,55,55,35,30,25,25,20,1,Tuesday,False
56,2022-08-02 11:00:00,60,55,45,30,30,25,25,20,1,Tuesday,False
57,2022-08-02 11:15:00,50,50,45,30,30,25,15,20,1,Tuesday,False
58,2022-08-02 11:30:00,55,45,50,30,25,25,15,20,1,Tuesday,False
59,2022-08-02 11:45:00,50,45,45,35,20,20,20,20,1,Tuesday,False
60,2022-08-02 12:00:00,50,45,40,40,20,15,20,15,1,Tuesday,False
61,2022-08-02 12:15:00,45,40,50,35,20,20,25,15,1,Tuesday,False
62,2022-08-02 12:30:00,45,40,50,35,20,20,25,15,1,Tuesday,False
63,2022-08-02 12:45:00,55,50,55,30,20,20,15,20,1,Tuesday,False
64,2022-08-02 13:00:00,60,55,60,25,20,15,15,15,1,Tuesday,False
65,2022-08-02 13:15:00,60,50,50,30,20,15,15,15,1,Tuesday,False
66,2022-08-02 13:30:00,45,50,45,0,20,15,20,20,1,Tuesday,False
67,2022-08-02 13:45:00,50,45,45,0,20,15,25,20,1,Tuesday,False
68,2022-08-02 14:00:00,55,45,40,0,20,10,25,20,1,Tuesday,False
69,2022-08-02 14:15:00,50,55,40,0,25,15,15,20,1,Tuesday,False
70,2022-08-02 14:30:00,55,60,55,0,35,20,15,20,1,Tuesday,False
71,2022-08-02 14:45:00,60,60,60,10,30,20,20,30,1,Tuesday,False
72,2022-08-02 15:00:00,55,60,60,30,20,20,20,20,1,Tuesday,False
73,2022-08-02 15:15:00,50,55,50,35,15,20,25,25,1,Tuesday,False
74,2022-08-02 15:30:00,45,50,35,35,10,15,15,20,1,Tuesday,False
75,2022-08-02 15:45:00,50,45,35,35,15,15,15,15,1,Tuesday,False
76,2022-08-02 16:00:00,55,40,40,35,15,5,15,30,1,Tuesday,False
77,2022-08-02 16:15:00,50,50,50,35,15,10,25,20,1,Tuesday,False
78,2022-08-02 16:30:00,50,50,45,25,15,15,15,20,1,Tuesday,False
79,2022-08-02 16:45:00,50,50,45,25,15,20,20,20,1,Tuesday,False
80,2022-08-02 17:00:00,45,45,40,25,10,15,40,20,1,Tuesday,False
81,2022-08-02 17:15:00,50,45,35,25,5,10,20,20,1,Tuesday,False
82,2022-08-02 17:30:00,55,50,40,25,5,5,25,20,1,Tuesday,False
83,2022-08-02 17:45:00,60,55,50,25,10,10,25,15,1,Tuesday,False
84,2022-08-02 18:00:00,60,60,45,30,15,15,15,30,1,Tuesday,False
85,2022-08-02 18:15:00,60,55,45,30,20,15,15,15,1,Tuesday,False
86,2022-08-02 18:30:00,60,50,50,25,15,15,20,20,1,Tuesday,False
87,2022-08-02 18:45:00,55,50,40,25,10,10,25,15,1,Tuesday,False
88,2022-08-02 19:00:00,60,45,40,25,5,10,25,20,1,Tuesday,False
89,2022-08-02 19:15:00,60,40,45,20,5,10,20,20,1,Tuesday,False
90,2022-08-02 19:30:00,60,50,50,15,5,10,15,20,1,Tuesday,False
91,2022-08-02 19:45:00,55,50,55,20,5,10,25,20,1,Tuesday,False
92,2022-08-02 20:00:00,0,50,50,25,5,5,0,15,1,Tuesday,False
93,2022-08-02 20:15:00,0,45,45,20,5,5,0,15,1,Tuesday,False
94,2022-08-02 20:30:00,0,0,0,20,10,5,0,15,1,Tuesday,False
95,2022-08-02 20:45:00,0,0,0,15,10,5,0,25,1,Tuesday,False
96,2022-08-03 09:00:00,90,80,90,45,5,5,0,0,2,Wednesday,False
97,2022-08-03 09:15:00,90,80,90,50,30,5,0,0,2,Wednesday,False
98,2022-08-03 09:30:00,90,70,80,50,30,20,0,0,2,Wednesday,False
99,2022-08-03 09:45:00,80,80,80,50,30,30,0,0,2,Wednesday,False
100,2022-08-03 10:00:00,70,80,80,50,30,30,5,15,2,Wednesday,False
101,2022-08-03 10:15:00,70,70,70,50,30,25,15,20,2,Wednesday,False
102,2022-08-03 10:30:00,60,60,60,45,30,25,20,20,2,Wednesday,False
103,2022-08-03 10:45:00,60,60,50,0,30,25,25,20,2,Wednesday,False
104,2022-08-03 11:00:00,55,40,45,0,35,25,25,20,2,Wednesday,False
105,2022-08-03 11:15:00,60,40,45,0,35,25,15,20,2,Wednesday,False
106,2022-08-03 11:30:00,60,45,45,0,35,25,20,15,2,Wednesday,False
107,2022-08-03 11:45:00,55,50,45,0,30,25,20,15,2,Wednesday,False
108,2022-08-03 12:00:00,55,60,45,10,20,25,20,15,2,Wednesday,False
109,2022-08-03 12:15:00,50,65,50,25,20,25,25,10,2,Wednesday,False
110,2022-08-03 12:30:00,45,50,50,45,20,25,25,20,2,Wednesday,False
111,2022-08-03 12:45:00,55,40,45,45,20,25,15,15,2,Wednesday,False
112,2022-08-03 13:00:00,55,50,45,45,20,25,15,15,2,Wednesday,False
113,2022-08-03 13:15:00,55,50,45,45,25,20,15,15,2,Wednesday,False
114,2022-08-03 13:30:00,45,55,40,40,20,15,20,15,2,Wednesday,False
115,2022-08-03 13:45:00,55,55,40,35,20,20,25,15,2,Wednesday,False
116,2022-08-03 14:00:00,60,50,45,35,15,15,15,20,2,Wednesday,False
117,2022-08-03 14:15:00,55,45,45,40,25,15,20,20,2,Wednesday,False
118,2022-08-03 14:30:00,50,55,45,45,30,20,15,20,2,Wednesday,False
119,2022-08-03 14:45:00,55,50,45,40,30,20,15,25,2,Wednesday,False
120,2022-08-03 15:00:00,50,45,45,40,20,20,20,15,2,Wednesday,False
121,2022-08-03 15:15:00,45,45,45,40,20,10,20,15,2,Wednesday,False
122,2022-08-03 15:30:00,55,50,50,40,20,15,30,15,2,Wednesday,False
123,2022-08-03 15:45:00,55,50,50,35,15,10,15,20,2,Wednesday,False
124,2022-08-03 16:00:00,50,45,50,35,15,15,20,30,2,Wednesday,False
125,2022-08-03 16:15:00,50,60,50,35,20,15,20,25,2,Wednesday,False
126,2022-08-03 16:30:00,50,55,50,35,20,15,25,25,2,Wednesday,False
127,2022-08-03 16:45:00,55,55,50,40,20,15,15,20,2,Wednesday,False
128,2022-08-03 17:00:00,60,50,50,30,15,20,30,20,2,Wednesday,False
129,2022-08-03 17:15:00,55,45,50,30,10,15,20,20,2,Wednesday,False
130,2022-08-03 17:30:00,60,40,35,30,5,20,25,20,2,Wednesday,False
131,2022-08-03 17:45:00,60,55,35,30,10,20,25,20,2,Wednesday,False
132,2022-08-03 18:00:00,65,60,45,35,20,15,30,15,2,Wednesday,False
133,2022-08-03 18:15:00,65,60,45,35,15,20,15,15,2,Wednesday,False
134,2022-08-03 18:30:00,65,55,50,30,15,20,20,15,2,Wednesday,False
135,2022-08-03 18:45:00,65,55,45,30,15,20,25,30,2,Wednesday,False
136,2022-08-03 19:00:00,65,45,45,30,15,15,15,20,2,Wednesday,False
137,2022-08-03 19:15:00,60,45,45,30,10,10,15,15,2,Wednesday,False
138,2022-08-03 19:30:00,65,55,60,30,10,15,15,15,2,Wednesday,False
139,2022-08-03 19:45:00,70,55,60,30,5,15,20,15,2,Wednesday,False
140,2022-08-03 20:00:00,0,45,0,30,5,5,0,15,2,Wednesday,False
141,2022-08-03 20:15:00,0,50,0,25,5,10,0,15,2,Wednesday,False
142,2022-08-03 20:30:00,0,0,0,20,5,10,0,15,2,Wednesday,False
143,2022-08-03 20:45:00,0,0,0,20,5,0,0,20,2,Wednesday,False
144,2022-08-04 09:00:00,90,85,70,45,20,15,0,0,3,Thursday,False
145,2022-08-04 09:15:00,90,95,60,45,25,15,0,0,3,Thursday,False
146,2022-08-04 09:30:00,85,90,65,40,30,25,0,0,3,Thursday,False
147,2022-08-04 09:45:00,85,80,65,35,35,15,0,0,3,Thursday,False
148,2022-08-04 10:00:00,70,70,65,35,35,15,5,5,3,Thursday,False
149,2022-08-04 10:15:00,65,60,60,45,30,30,15,20,3,Thursday,False
150,2022-08-04 10:30:00,65,60,55,45,30,30,15,15,3,Thursday,False
151,2022-08-04 10:45:00,65,50,55,45,30,0,20,15,3,Thursday,False
152,2022-08-04 11:00:00,0,45,55,40,30,0,25,20,3,Thursday,False
153,2022-08-04 11:15:00,0,45,55,0,30,0,15,20,3,Thursday,False
154,2022-08-04 11:30:00,0,50,55,0,30,0,15,20,3,Thursday,False
155,2022-08-04 11:45:00,35,60,60,0,30,5,20,15,3,Thursday,False
156,2022-08-04 12:00:00,70,60,50,0,25,20,20,15,3,Thursday,False
157,2022-08-04 12:15:00,70,60,50,0,25,30,25,15,3,Thursday,False
158,2022-08-04 12:30:00,60,60,45,0,25,40,25,15,3,Thursday,False
159,2022-08-04 12:45:00,60,55,45,0,30,40,15,30,3,Thursday,False
160,2022-08-04 13:00:00,60,60,45,0,30,35,15,20,3,Thursday,False
161,2022-08-04 13:15:00,60,60,45,0,30,30,15,15,3,Thursday,False
162,2022-08-04 13:30:00,70,60,45,0,25,35,20,15,3,Thursday,False
163,2022-08-04 13:45:00,70,55,60,0,25,35,25,15,3,Thursday,False
164,2022-08-04 14:00:00,70,50,55,0,25,40,25,20,3,Thursday,False
165,2022-08-04 14:15:00,55,55,50,0,40,40,15,15,3,Thursday,False
166,2022-08-04 14:30:00,55,65,50,5,40,30,15,20,3,Thursday,False
167,2022-08-04 14:45:00,60,70,50,0,35,25,15,20,3,Thursday,False
168,2022-08-04 15:00:00,80,70,55,0,30,30,20,20,3,Thursday,False
169,2022-08-04 15:15:00,70,60,55,0,30,30,25,20,3,Thursday,False
170,2022-08-04 15:30:00,70,60,60,0,30,35,15,20,3,Thursday,False
171,2022-08-04 15:45:00,60,55,55,0,25,30,15,25,3,Thursday,False
172,2022-08-04 16:00:00,75,65,55,0,25,25,15,25,3,Thursday,False
173,2022-08-04 16:15:00,70,60,55,0,25,25,20,35,3,Thursday,False
174,2022-08-04 16:30:00,70,60,70,0,20,15,15,30,3,Thursday,False
175,2022-08-04 16:45:00,70,65,70,20,15,10,15,20,3,Thursday,False
176,2022-08-04 17:00:00,55,55,60,50,10,15,35,35,3,Thursday,False
177,2022-08-04 17:15:00,60,55,45,60,5,20,25,20,3,Thursday,False
178,2022-08-04 17:30:00,65,55,45,60,10,15,20,20,3,Thursday,False
179,2022-08-04 17:45:00,65,55,55,60,15,15,25,20,3,Thursday,False
180,2022-08-04 18:00:00,70,60,60,65,20,15,25,25,3,Thursday,False
181,2022-08-04 18:15:00,0,0,55,70,15,0,25,25,3,Thursday,False
182,2022-08-04 18:30:00,0,0,40,70,10,0,20,15,3,Thursday,False
183,2022-08-04 18:45:00,0,0,40,60,5,0,15,20,3,Thursday,False
184,2022-08-04 19:00:00,0,20,55,55,5,0,25,15,3,Thursday,False
185,2022-08-04 19:15:00,35,40,45,55,5,5,15,15,3,Thursday,False
186,2022-08-04 19:30:00,65,50,45,45,5,5,15,15,3,Thursday,False
187,2022-08-04 19:45:00,60,60,50,45,5,5,20,20,3,Thursday,False
188,2022-08-04 20:00:00,50,50,55,40,10,10,0,20,3,Thursday,False
189,2022-08-04 20:15:00,45,45,45,35,10,10,0,15,3,Thursday,False
190,2022-08-04 20:30:00,0,0,0,30,10,5,0,15,3,Thursday,False
191,2022-08-04 20:45:00,0,0,0,0,0,5,0,15,3,Thursday,False
192,2022-08-05 09:00:00,110,5,80,0,35,5,0,0,4,Friday,False
193,2022-08-05 09:15:00,130,100,90,0,50,30,0,0,4,Friday,False
194,2022-08-05 09:30:00,125,105,100,0,45,40,0,0,4,Friday,False
195,2022-08-05 09:45:00,105,90,100,0,50,45,0,0,4,Friday,False
196,2022-08-05 10:00:00,95,90,110,20,45,40,5,20,4,Friday,False
197,2022-08-05 10:15:00,110,85,85,50,35,30,20,20,4,Friday,False
198,2022-08-05 10:30:00,100,85,65,50,40,35,20,30,4,Friday,False
199,2022-08-05 10:45:00,90,75,55,50,40,35,25,25,4,Friday,False
200,2022-08-05 11:00:00,80,65,50,45,35,40,25,20,4,Friday,False
201,2022-08-05 11:15:00,80,65,50,45,40,30,25,20,4,Friday,False
202,2022-08-05 11:30:00,80,65,50,50,30,30,25,20,4,Friday,False
203,2022-08-05 11:45:00,70,65,40,45,30,30,20,20,4,Friday,False
204,2022-08-05 12:00:00,70,65,40,40,35,30,25,15,4,Friday,False
205,2022-08-05 12:15:00,85,65,40,40,30,25,25,15,4,Friday,False
206,2022-08-05 12:30:00,90,60,45,45,30,30,20,15,4,Friday,False
207,2022-08-05 12:45:00,80,55,45,45,35,30,30,15,4,Friday,False
208,2022-08-05 13:00:00,80,70,55,45,35,30,30,30,4,Friday,False
209,2022-08-05 13:15:00,80,65,60,40,35,30,15,30,4,Friday,False
210,2022-08-05 13:30:00,85,60,60,40,35,25,20,15,4,Friday,False
211,2022-08-05 13:45:00,85,55,50,40,30,25,25,15,4,Friday,False
212,2022-08-05 14:00:00,80,60,50,40,25,30,15,20,4,Friday,False
213,2022-08-05 14:15:00,80,70,50,40,30,30,15,20,4,Friday,False
214,2022-08-05 14:30:00,80,75,55,40,45,30,15,30,4,Friday,False
215,2022-08-05 14:45:00,80,70,50,40,40,30,25,30,4,Friday,False
216,2022-08-05 15:00:00,70,60,55,40,35,35,25,30,4,Friday,False
217,2022-08-05 15:15:00,80,60,55,35,25,35,20,30,4,Friday,False
218,2022-08-05 15:30:00,80,60,50,40,25,30,25,30,4,Friday,False
219,2022-08-05 15:45:00,80,65,45,40,30,30,20,30,4,Friday,False
220,2022-08-05 16:00:00,70,60,40,35,30,25,15,15,4,Friday,False
221,2022-08-05 16:15:00,70,60,50,35,25,25,20,30,4,Friday,False
222,2022-08-05 16:30:00,75,65,55,35,25,25,25,35,4,Friday,False
223,2022-08-05 16:45:00,80,65,55,30,20,20,45,35,4,Friday,False
224,2022-08-05 17:00:00,80,60,55,25,15,20,30,20,4,Friday,False
225,2022-08-05 17:15:00,85,65,45,30,15,20,20,20,4,Friday,False
226,2022-08-05 17:30:00,85,65,40,35,20,20,25,20,4,Friday,False
227,2022-08-05 17:45:00,80,70,45,35,20,25,25,30,4,Friday,False
228,2022-08-05 18:00:00,95,70,45,40,20,25,15,30,4,Friday,False
229,2022-08-05 18:15:00,95,75,45,40,25,25,20,35,4,Friday,False
230,2022-08-05 18:30:00,80,70,45,35,20,25,25,15,4,Friday,False
231,2022-08-05 18:45:00,80,70,55,30,15,25,25,20,4,Friday,False
232,2022-08-05 19:00:00,90,60,50,30,15,25,25,15,4,Friday,False
233,2022-08-05 19:15:00,95,60,40,30,15,25,15,25,4,Friday,False
234,2022-08-05 19:30:00,85,70,50,30,5,15,20,20,4,Friday,False
235,2022-08-05 19:45:00,0,65,60,30,5,15,25,15,4,Friday,False
236,2022-08-05 20:00:00,0,0,55,25,15,15,0,20,4,Friday,False
237,2022-08-05 20:15:00,0,0,0,25,10,10,0,20,4,Friday,False
238,2022-08-05 20:30:00,0,0,0,25,5,15,0,15,4,Friday,False
239,2022-08-05 20:45:00,0,0,0,20,5,0,0,25,4,Friday,False
240,2022-08-06 09:00:00,140,120,90,40,25,5,0,0,5,Saturday,False
241,2022-08-06 09:15:00,150,120,90,45,25,5,0,0,5,Saturday,False
242,2022-08-06 09:30:00,140,120,90,50,40,25,0,0,5,Saturday,False
243,2022-08-06 09:45:00,140,110,100,55,45,35,0,0,5,Saturday,False
244,2022-08-06 10:00:00,110,100,90,60,50,40,5,5,5,Saturday,False
245,2022-08-06 10:15:00,110,95,80,60,45,45,20,5,5,Saturday,False
246,2022-08-06 10:30:00,110,95,70,60,45,40,20,30,5,Saturday,False
247,2022-08-06 10:45:00,90,90,70,55,45,40,25,20,5,Saturday,False
248,2022-08-06 11:00:00,100,80,70,55,45,35,10,20,5,Saturday,False
249,2022-08-06 11:15:00,100,75,60,45,45,35,15,20,5,Saturday,False
250,2022-08-06 11:30:00,100,75,60,45,40,40,15,20,5,Saturday,False
251,2022-08-06 11:45:00,95,70,70,45,35,35,15,25,5,Saturday,False
252,2022-08-06 12:00:00,90,65,80,45,35,35,20,20,5,Saturday,False
253,2022-08-06 12:15:00,80,70,80,45,40,35,25,20,5,Saturday,False
254,2022-08-06 12:30:00,90,85,55,0,40,35,15,25,5,Saturday,False
255,2022-08-06 12:45:00,100,80,55,0,40,35,15,20,5,Saturday,False
256,2022-08-06 13:00:00,110,80,60,0,40,40,15,25,5,Saturday,False
257,2022-08-06 13:15:00,100,80,70,0,40,40,25,30,5,Saturday,False
258,2022-08-06 13:30:00,90,80,65,0,40,40,20,30,5,Saturday,False
259,2022-08-06 13:45:00,90,80,75,0,40,35,20,30,5,Saturday,False
260,2022-08-06 14:00:00,95,80,75,10,40,40,25,35,5,Saturday,False
261,2022-08-06 14:15:00,95,85,75,50,50,35,15,35,5,Saturday,False
262,2022-08-06 14:30:00,90,85,75,55,45,35,15,35,5,Saturday,False
263,2022-08-06 14:45:00,95,85,70,55,45,40,25,35,5,Saturday,False
264,2022-08-06 15:00:00,100,85,65,55,35,40,20,25,5,Saturday,False
265,2022-08-06 15:15:00,95,80,60,50,35,35,25,30,5,Saturday,False
266,2022-08-06 15:30:00,95,65,60,50,40,35,20,35,5,Saturday,False
267,2022-08-06 15:45:00,95,65,60,50,40,25,15,25,5,Saturday,False
268,2022-08-06 16:00:00,90,80,60,50,40,30,20,35,5,Saturday,False
269,2022-08-06 16:15:00,90,80,60,50,35,30,20,35,5,Saturday,False
270,2022-08-06 16:30:00,100,80,70,60,35,40,25,45,5,Saturday,False
271,2022-08-06 16:45:00,100,80,75,65,35,40,45,35,5,Saturday,False
272,2022-08-06 17:00:00,105,70,75,60,30,35,35,30,5,Saturday,False
273,2022-08-06 17:15:00,105,70,65,55,30,35,20,35,5,Saturday,False
274,2022-08-06 17:30:00,105,70,55,55,30,35,25,15,5,Saturday,False
275,2022-08-06 17:45:00,100,75,70,45,30,25,25,20,5,Saturday,False
276,2022-08-06 18:00:00,105,90,90,55,30,25,15,30,5,Saturday,False
277,2022-08-06 18:15:00,110,90,80,55,30,30,25,20,5,Saturday,False
278,2022-08-06 18:30:00,120,80,75,55,25,35,20,30,5,Saturday,False
279,2022-08-06 18:45:00,120,65,75,55,25,30,15,30,5,Saturday,False
280,2022-08-06 19:00:00,110,65,90,55,30,30,15,15,5,Saturday,False
281,2022-08-06 19:15:00,100,70,90,50,25,30,15,15,5,Saturday,False
282,2022-08-06 19:30:00,90,80,70,45,20,30,15,30,5,Saturday,False
283,2022-08-06 19:45:00,80,0,65,45,20,25,25,30,5,Saturday,False
284,2022-08-06 20:00:00,0,0,0,45,15,20,0,15,5,Saturday,False
285,2022-08-06 20:15:00,0,0,0,45,15,20,0,20,5,Saturday,False
286,2022-08-06 20:30:00,0,0,0,45,15,25,0,15,5,Saturday,False
287,2022-08-06 20:45:00,0,0,0,0,10,0,0,30,5,Saturday,False
288,2022-08-07 09:00:00,130,120,90,45,10,5,0,0,6,Sunday,False
289,2022-08-07 09:15:00,130,120,100,55,15,5,0,0,6,Sunday,False
290,2022-08-07 09:30:00,120,120,90,50,30,30,0,0,6,Sunday,False
291,2022-08-07 09:45:00,120,100,90,55,45,40,0,0,6,Sunday,False
292,2022-08-07 10:00:00,130,95,90,55,45,40,15,15,6,Sunday,False
293,2022-08-07 10:15:00,120,90,90,55,45,40,20,20,6,Sunday,False
294,2022-08-07 10:30:00,100,80,90,50,40,30,25,20,6,Sunday,False
295,2022-08-07 10:45:00,90,80,80,50,40,30,25,20,6,Sunday,False
296,2022-08-07 11:00:00,90,70,70,50,40,35,25,20,6,Sunday,False
297,2022-08-07 11:15:00,85,60,70,45,35,40,20,25,6,Sunday,False
298,2022-08-07 11:30:00,90,60,70,45,30,35,20,25,6,Sunday,False
299,2022-08-07 11:45:00,95,65,70,45,30,35,20,25,6,Sunday,False
300,2022-08-07 12:00:00,95,70,70,45,30,30,20,20,6,Sunday,False
301,2022-08-07 12:15:00,85,65,70,50,35,30,20,15,6,Sunday,False
302,2022-08-07 12:30:00,75,70,70,50,40,25,15,15,6,Sunday,False
303,2022-08-07 12:45:00,85,70,60,50,40,30,15,20,6,Sunday,False
304,2022-08-07 13:00:00,90,80,70,45,35,35,15,25,6,Sunday,False
305,2022-08-07 13:15:00,90,75,80,45,40,30,15,30,6,Sunday,False
306,2022-08-07 13:30:00,80,70,80,45,30,25,20,30,6,Sunday,False
307,2022-08-07 13:45:00,80,65,75,45,30,30,25,15,6,Sunday,False
308,2022-08-07 14:00:00,75,55,70,40,25,35,25,20,6,Sunday,False
309,2022-08-07 14:15:00,65,60,60,40,45,35,15,20,6,Sunday,False
310,2022-08-07 14:30:00,80,70,60,40,40,35,15,20,6,Sunday,False
311,2022-08-07 14:45:00,90,75,60,50,40,35,15,20,6,Sunday,False
312,2022-08-07 15:00:00,75,70,60,50,25,25,25,20,6,Sunday,False
313,2022-08-07 15:15:00,75,70,60,50,25,25,25,35,6,Sunday,False
314,2022-08-07 15:30:00,80,65,65,50,35,30,30,30,6,Sunday,False
315,2022-08-07 15:45:00,80,70,70,45,35,35,15,30,6,Sunday,False
316,2022-08-07 16:00:00,80,65,65,40,30,35,20,30,6,Sunday,False
317,2022-08-07 16:15:00,75,65,65,35,30,35,20,30,6,Sunday,False
318,2022-08-07 16:30:00,70,65,70,40,30,35,25,35,6,Sunday,False
319,2022-08-07 16:45:00,70,60,60,45,25,30,15,35,6,Sunday,False
320,2022-08-07 17:00:00,70,65,55,35,20,30,30,35,6,Sunday,False
321,2022-08-07 17:15:00,80,70,55,35,20,25,20,30,6,Sunday,False
322,2022-08-07 17:30:00,80,65,60,35,20,25,25,20,6,Sunday,False
323,2022-08-07 17:45:00,75,65,65,35,20,25,25,25,6,Sunday,False
324,2022-08-07 18:00:00,80,75,75,40,25,25,10,35,6,Sunday,False
325,2022-08-07 18:15:00,100,75,75,40,25,30,15,35,6,Sunday,False
326,2022-08-07 18:30:00,90,65,75,40,20,30,25,30,6,Sunday,False
327,2022-08-07 18:45:00,80,65,75,35,20,25,25,20,6,Sunday,False
328,2022-08-07 19:00:00,80,65,75,30,20,25,15,20,6,Sunday,False
329,2022-08-07 19:15:00,80,65,80,30,20,30,15,20,6,Sunday,False
330,2022-08-07 19:30:00,80,70,90,35,15,25,20,20,6,Sunday,False
331,2022-08-07 19:45:00,80,70,70,35,10,20,25,15,6,Sunday,False
332,2022-08-07 20:00:00,0,55,0,35,15,20,0,15,6,Sunday,False
333,2022-08-07 20:15:00,0,0,0,30,10,20,0,20,6,Sunday,False
334,2022-08-07 20:30:00,0,0,0,25,5,10,0,15,6,Sunday,False
335,2022-08-07 20:45:00,0,0,0,0,5,5,0,20,6,Sunday,False
336,2022-08-08 09:00:00,120,100,80,60,30,10,0,0,0,Monday,False
337,2022-08-08 09:15:00,110,110,80,60,40,5,0,0,0,Monday,False
338,2022-08-08 09:30:00,110,105,100,60,40,35,0,0,0,Monday,False
339,2022-08-08 09:45:00,120,100,100,60,45,45,0,0,0,Monday,False
340,2022-08-08 10:00:00,90,80,100,60,50,40,15,5,0,Monday,False
341,2022-08-08 10:15:00,90,90,100,65,50,40,15,20,0,Monday,False
342,2022-08-08 10:30:00,80,90,90,65,45,40,20,35,0,Monday,False
343,2022-08-08 10:45:00,100,90,90,65,40,40,20,35,0,Monday,False
344,2022-08-08 11:00:00,100,85,80,65,45,40,15,30,0,Monday,False
345,2022-08-08 11:15:00,95,85,80,65,45,35,15,20,0,Monday,False
346,2022-08-08 11:30:00,90,80,80,65,50,40,15,35,0,Monday,False
347,2022-08-08 11:45:00,90,80,80,70,45,40,15,30,0,Monday,False
348,2022-08-08 12:00:00,95,80,80,65,45,40,20,25,0,Monday,False
349,2022-08-08 12:15:00,95,85,80,65,45,40,20,30,0,Monday,False
350,2022-08-08 12:30:00,95,75,80,65,40,35,25,30,0,Monday,False
351,2022-08-08 12:45:00,85,55,90,55,40,40,15,30,0,Monday,False
352,2022-08-08 13:00:00,85,75,70,55,40,35,15,30,0,Monday,False
353,2022-08-08 13:15:00,85,90,70,60,40,35,15,30,0,Monday,False
354,2022-08-08 13:30:00,90,90,70,60,40,40,15,35,0,Monday,False
355,2022-08-08 13:45:00,95,90,70,55,40,35,25,20,0,Monday,False
356,2022-08-08 14:00:00,95,90,65,55,40,35,25,20,0,Monday,False
357,2022-08-08 14:15:00,100,70,70,0,55,40,20,20,0,Monday,False
358,2022-08-08 14:30:00,100,75,70,0,55,45,15,35,0,Monday,False
359,2022-08-08 14:45:00,110,85,70,0,60,45,15,30,0,Monday,False
360,2022-08-08 15:00:00,100,85,70,0,55,45,15,40,0,Monday,False
361,2022-08-08 15:15:00,95,85,90,0,45,45,25,45,0,Monday,False
362,2022-08-08 15:30:00,95,85,90,0,50,40,25,35,0,Monday,False
363,2022-08-08 15:45:00,100,90,100,0,45,40,35,30,0,Monday,False
364,2022-08-08 16:00:00,110,85,90,0,45,40,25,35,0,Monday,False
365,2022-08-08 16:15:00,110,90,100,5,45,40,25,20,0,Monday,False
366,2022-08-08 16:30:00,100,95,80,60,40,40,25,35,0,Monday,False
367,2022-08-08 16:45:00,90,80,80,80,35,35,15,35,0,Monday,False
368,2022-08-08 17:00:00,100,85,75,75,35,35,35,35,0,Monday,False
369,2022-08-08 17:15:00,110,80,80,70,35,35,20,35,0,Monday,False
370,2022-08-08 17:30:00,120,80,75,65,40,35,20,25,0,Monday,False
371,2022-08-08 17:45:00,115,80,90,60,40,35,25,30,0,Monday,False
372,2022-08-08 18:00:00,115,90,80,70,35,35,15,30,0,Monday,False
373,2022-08-08 18:15:00,115,90,90,70,40,35,20,35,0,Monday,False
374,2022-08-08 18:30:00,115,75,75,70,40,35,20,35,0,Monday,False
375,2022-08-08 18:45:00,110,75,80,65,35,40,25,20,0,Monday,False
376,2022-08-08 19:00:00,105,80,90,65,30,35,15,20,0,Monday,False
377,2022-08-08 19:15:00,105,80,100,65,30,30,15,20,0,Monday,False
378,2022-08-08 19:30:00,0,80,0,65,35,25,15,20,0,Monday,False
379,2022-08-08 19:45:00,0,80,0,65,30,30,20,15,0,Monday,False
380,2022-08-08 20:00:00,0,0,0,65,35,30,0,15,0,Monday,False
381,2022-08-08 20:15:00,0,0,0,0,25,35,0,20,0,Monday,False
382,2022-08-08 20:30:00,0,0,0,0,0,0,0,20,0,Monday,False
383,2022-08-08 20:45:00,0,0,0,0,0,0,0,35,0,Monday,False
384,2022-08-09 09:00:00,170,120,90,5,50,20,0,0,1,Tuesday,False
385,2022-08-09 09:15:00,140,130,100,0,45,25,0,0,1,Tuesday,False
386,2022-08-09 09:30:00,130,130,120,0,45,45,0,0,1,Tuesday,False
387,2022-08-09 09:45:00,130,120,120,25,50,45,0,0,1,Tuesday,False
388,2022-08-09 10:00:00,110,100,120,60,50,45,5,15,1,Tuesday,False
389,2022-08-09 10:15:00,110,100,120,75,50,40,15,20,1,Tuesday,False
390,2022-08-09 10:30:00,120,90,110,80,50,45,20,20,1,Tuesday,False
391,2022-08-09 10:45:00,110,90,110,80,50,45,25,35,1,Tuesday,False
392,2022-08-09 11:00:00,110,90,90,80,50,40,25,30,1,Tuesday,False
393,2022-08-09 11:15:00,110,90,80,75,50,40,15,20,1,Tuesday,False
394,2022-08-09 11:30:00,105,90,80,80,45,40,15,30,1,Tuesday,False
395,2022-08-09 11:45:00,100,90,80,80,50,40,20,30,1,Tuesday,False
396,2022-08-09 12:00:00,110,90,60,75,45,35,20,30,1,Tuesday,False
397,2022-08-09 12:15:00,110,90,50,70,45,35,25,30,1,Tuesday,False
398,2022-08-09 12:30:00,110,90,60,70,45,35,30,20,1,Tuesday,False
399,2022-08-09 12:45:00,110,90,80,65,50,40,20,25,1,Tuesday,False
400,2022-08-09 13:00:00,110,85,90,65,50,35,15,35,1,Tuesday,False
401,2022-08-09 13:15:00,105,85,80,70,40,35,25,35,1,Tuesday,False
402,2022-08-09 13:30:00,100,85,80,70,40,35,20,20,1,Tuesday,False
403,2022-08-09 13:45:00,100,85,80,70,40,40,25,30,1,Tuesday,False
404,2022-08-09 14:00:00,0,0,0,0,0,0,0,0,1,Tuesday,False
405,2022-08-09 14:15:00,110,95,80,70,55,40,20,30,1,Tuesday,False
406,2022-08-09 14:30:00,120,95,80,70,50,40,20,45,1,Tuesday,False
407,2022-08-09 14:45:00,130,90,70,60,45,40,15,45,1,Tuesday,False
408,2022-08-09 15:00:00,130,90,70,60,50,35,20,30,1,Tuesday,False
409,2022-08-09 15:15:00,120,95,75,65,40,35,25,35,1,Tuesday,False
410,2022-08-09 15:30:00,110,95,75,65,45,40,30,35,1,Tuesday,False
411,2022-08-09 15:45:00,100,95,75,65,50,40,15,40,1,Tuesday,False
412,2022-08-09 16:00:00,100,90,80,65,45,45,20,35,1,Tuesday,False
413,2022-08-09 16:15:00,100,90,90,60,45,40,20,35,1,Tuesday,False
414,2022-08-09 16:30:00,110,100,90,60,40,40,25,40,1,Tuesday,False
415,2022-08-09 16:45:00,130,100,90,60,40,40,15,40,1,Tuesday,False
416,2022-08-09 17:00:00,140,95,70,60,40,35,35,20,1,Tuesday,False
417,2022-08-09 17:15:00,140,90,70,55,40,30,20,30,1,Tuesday,False
418,2022-08-09 17:30:00,140,85,65,55,40,40,20,30,1,Tuesday,False
419,2022-08-09 17:45:00,140,85,65,55,40,30,25,30,1,Tuesday,False
420,2022-08-09 18:00:00,130,85,80,55,35,40,25,45,1,Tuesday,False
421,2022-08-09 18:15:00,130,90,90,60,40,40,15,20,1,Tuesday,False
422,2022-08-09 18:30:00,130,90,90,55,35,35,20,20,1,Tuesday,False
423,2022-08-09 18:45:00,130,90,90,55,35,40,25,20,1,Tuesday,False
424,2022-08-09 19:00:00,130,90,90,50,35,35,25,20,1,Tuesday,False
425,2022-08-09 19:15:00,110,95,90,50,40,30,15,20,1,Tuesday,False
426,2022-08-09 19:30:00,0,0,90,50,35,30,15,35,1,Tuesday,False
427,2022-08-09 19:45:00,0,0,0,50,35,35,25,30,1,Tuesday,False
428,2022-08-09 20:00:00,0,0,0,50,35,35,0,30,1,Tuesday,False
429,2022-08-09 20:15:00,0,0,0,50,30,35,0,30,1,Tuesday,False
430,2022-08-09 20:30:00,0,0,0,45,0,25,0,20,1,Tuesday,False
431,2022-08-09 20:45:00,0,0,0,0,0,25,0,0,1,Tuesday,False
432,2022-08-10 09:00:00,170,110,110,45,35,5,0,0,2,Wednesday,False
433,2022-08-10 09:15:00,170,130,100,60,30,5,0,0,2,Wednesday,False
434,2022-08-10 09:30:00,150,130,95,65,45,40,0,0,2,Wednesday,False
435,2022-08-10 09:45:00,140,120,95,70,55,45,0,0,2,Wednesday,False
436,2022-08-10 10:00:00,130,120,100,80,60,45,5,5,2,Wednesday,False
437,2022-08-10 10:15:00,140,120,100,80,60,45,20,35,2,Wednesday,False
438,2022-08-10 10:30:00,140,110,100,85,60,50,20,35,2,Wednesday,False
439,2022-08-10 10:45:00,140,110,100,80,60,50,25,45,2,Wednesday,False
440,2022-08-10 11:00:00,120,100,110,75,70,55,25,35,2,Wednesday,False
441,2022-08-10 11:15:00,120,100,110,75,50,55,30,40,2,Wednesday,False
442,2022-08-10 11:30:00,120,100,110,85,50,55,30,40,2,Wednesday,False
443,2022-08-10 11:45:00,120,100,110,85,50,55,15,35,2,Wednesday,False
444,2022-08-10 12:00:00,115,100,110,75,55,45,20,40,2,Wednesday,False
445,2022-08-10 12:15:00,120,110,75,75,55,45,25,35,2,Wednesday,False
446,2022-08-10 12:30:00,130,110,70,75,50,40,25,40,2,Wednesday,False
447,2022-08-10 12:45:00,130,90,80,75,55,45,30,35,2,Wednesday,False
448,2022-08-10 13:00:00,130,90,90,65,50,45,15,35,2,Wednesday,False
449,2022-08-10 13:15:00,115,90,90,75,45,45,15,35,2,Wednesday,False
450,2022-08-10 13:30:00,115,90,90,75,45,45,20,20,2,Wednesday,False
451,2022-08-10 13:45:00,120,100,90,70,50,45,20,30,2,Wednesday,False
452,2022-08-10 14:00:00,120,100,90,70,60,50,25,45,2,Wednesday,False
453,2022-08-10 14:15:00,125,100,90,70,55,50,30,45,2,Wednesday,False
454,2022-08-10 14:30:00,130,110,90,75,50,50,35,45,2,Wednesday,False
455,2022-08-10 14:45:00,130,110,100,75,55,50,35,45,2,Wednesday,False
456,2022-08-10 15:00:00,130,110,110,70,45,45,40,35,2,Wednesday,False
457,2022-08-10 15:15:00,130,110,100,70,50,40,25,35,2,Wednesday,False
458,2022-08-10 15:30:00,130,105,100,70,50,40,30,35,2,Wednesday,False
459,2022-08-10 15:45:00,130,105,100,70,50,40,30,35,2,Wednesday,False
460,2022-08-10 16:00:00,130,95,90,70,45,40,35,20,2,Wednesday,False
461,2022-08-10 16:15:00,130,95,90,75,45,40,30,35,2,Wednesday,False
462,2022-08-10 16:30:00,130,110,90,70,45,45,25,45,2,Wednesday,False
463,2022-08-10 16:45:00,140,100,90,65,50,45,25,45,2,Wednesday,False
464,2022-08-10 17:00:00,140,110,100,60,45,45,30,45,2,Wednesday,False
465,2022-08-10 17:15:00,150,110,100,55,45,45,20,35,2,Wednesday,False
466,2022-08-10 17:30:00,150,100,100,60,40,45,20,35,2,Wednesday,False
467,2022-08-10 17:45:00,150,90,110,60,40,40,25,30,2,Wednesday,False
468,2022-08-10 18:00:00,150,100,110,70,45,40,30,35,2,Wednesday,False
469,2022-08-10 18:15:00,150,120,100,65,45,40,30,35,2,Wednesday,False
470,2022-08-10 18:30:00,150,110,90,65,50,40,20,20,2,Wednesday,False
471,2022-08-10 18:45:00,140,90,90,65,45,40,20,30,2,Wednesday,False
472,2022-08-10 19:00:00,130,90,90,60,35,35,15,30,2,Wednesday,False
473,2022-08-10 19:15:00,120,90,90,55,35,40,15,20,2,Wednesday,False
474,2022-08-10 19:30:00,0,95,100,55,35,40,15,35,2,Wednesday,False
475,2022-08-10 19:45:00,0,95,0,60,40,40,20,30,2,Wednesday,False
476,2022-08-10 20:00:00,0,0,0,70,40,40,0,30,2,Wednesday,False
477,2022-08-10 20:15:00,0,0,0,65,35,30,0,35,2,Wednesday,False
478,2022-08-10 20:30:00,0,0,0,0,30,0,0,20,2,Wednesday,False
479,2022-08-10 20:45:00,0,0,0,0,0,0,0,35,2,Wednesday,False
480,2022-08-11 09:00:00,160,130,110,60,30,5,0,0,3,Thursday,True
481,2022-08-11 09:15:00,150,130,100,65,35,5,0,0,3,Thursday,True
482,2022-08-11 09:30:00,150,140,100,70,45,15,0,0,3,Thursday,True
483,2022-08-11 09:45:00,140,130,100,70,50,40,0,0,3,Thursday,True
484,2022-08-11 10:00:00,140,120,110,70,55,40,5,5,3,Thursday,True
485,2022-08-11 10:15:00,160,120,110,70,50,40,20,30,3,Thursday,True
486,2022-08-11 10:30:00,150,100,100,65,45,40,20,30,3,Thursday,True
487,2022-08-11 10:45:00,130,90,100,65,45,35,30,30,3,Thursday,True
488,2022-08-11 11:00:00,120,80,80,65,45,35,20,20,3,Thursday,True
489,2022-08-11 11:15:00,120,70,70,60,45,35,15,30,3,Thursday,True
490,2022-08-11 11:30:00,120,70,70,55,45,35,15,15,3,Thursday,True
491,2022-08-11 11:45:00,110,65,65,55,40,35,15,20,3,Thursday,True
492,2022-08-11 12:00:00,110,80,60,50,40,35,25,15,3,Thursday,True
493,2022-08-11 12:15:00,110,90,50,45,40,35,20,15,3,Thursday,True
494,2022-08-11 12:30:00,100,90,50,50,40,35,20,15,3,Thursday,True
495,2022-08-11 12:45:00,90,80,60,50,40,30,15,20,3,Thursday,True
496,2022-08-11 13:00:00,90,80,60,55,40,30,15,20,3,Thursday,True
497,2022-08-11 13:15:00,90,80,55,55,35,30,15,20,3,Thursday,True
498,2022-08-11 13:30:00,90,80,65,50,35,30,20,20,3,Thursday,True
499,2022-08-11 13:45:00,105,65,70,45,35,30,25,30,3,Thursday,True
500,2022-08-11 14:00:00,95,65,65,45,40,30,25,30,3,Thursday,True
501,2022-08-11 14:15:00,85,80,55,45,45,35,15,30,3,Thursday,True
502,2022-08-11 14:30:00,100,85,70,50,40,35,25,30,3,Thursday,True
503,2022-08-11 14:45:00,100,85,75,50,40,30,25,35,3,Thursday,True
504,2022-08-11 15:00:00,100,75,70,55,35,30,15,35,3,Thursday,True
505,2022-08-11 15:15:00,100,80,70,55,35,30,25,35,3,Thursday,True
506,2022-08-11 15:30:00,100,80,60,50,40,30,30,30,3,Thursday,True
507,2022-08-11 15:45:00,100,80,65,45,40,35,30,30,3,Thursday,True
508,2022-08-11 16:00:00,100,75,65,45,35,30,15,20,3,Thursday,True
509,2022-08-11 16:15:00,85,75,65,40,35,30,20,25,3,Thursday,True
510,2022-08-11 16:30:00,90,75,70,45,35,30,25,40,3,Thursday,True
511,2022-08-11 16:45:00,90,75,70,45,35,30,45,30,3,Thursday,True
512,2022-08-11 17:00:00,100,75,70,45,35,30,35,30,3,Thursday,True
513,2022-08-11 17:15:00,100,75,65,40,35,30,30,30,3,Thursday,True
514,2022-08-11 17:30:00,95,75,65,40,35,25,20,30,3,Thursday,True
515,2022-08-11 17:45:00,110,70,65,40,30,25,25,20,3,Thursday,True
516,2022-08-11 18:00:00,115,90,65,45,25,25,20,30,3,Thursday,True
517,2022-08-11 18:15:00,115,90,70,45,30,25,15,35,3,Thursday,True
518,2022-08-11 18:30:00,115,85,70,45,30,30,20,20,3,Thursday,True
519,2022-08-11 18:45:00,110,70,70,40,30,30,25,20,3,Thursday,True
520,2022-08-11 19:00:00,105,70,70,35,25,25,25,20,3,Thursday,True
521,2022-08-11 19:15:00,90,70,65,40,25,25,15,20,3,Thursday,True
522,2022-08-11 19:30:00,90,80,65,45,20,25,15,30,3,Thursday,True
523,2022-08-11 19:45:00,0,80,65,40,20,25,25,15,3,Thursday,True
524,2022-08-11 20:00:00,0,0,0,30,5,20,0,15,3,Thursday,True
525,2022-08-11 20:15:00,0,0,0,30,10,20,0,20,3,Thursday,True
526,2022-08-11 20:30:00,0,0,0,30,10,20,0,15,3,Thursday,True
527,2022-08-11 20:45:00,0,0,0,20,5,0,0,25,3,Thursday,True
528,2022-08-12 09:00:00,200,150,110,50,30,15,0,0,4,Friday,False
529,2022-08-12 09:15:00,180,150,110,75,40,5,0,0,4,Friday,False
530,2022-08-12 09:30:00,150,130,110,85,50,40,0,0,4,Friday,False
531,2022-08-12 09:45:00,150,130,110,85,60,45,0,0,4,Friday,False
532,2022-08-12 10:00:00,140,130,120,85,60,60,30,20,4,Friday,False
533,2022-08-12 10:15:00,140,120,120,85,60,55,20,30,4,Friday,False
534,2022-08-12 10:30:00,140,120,130,85,65,55,15,50,4,Friday,False
535,2022-08-12 10:45:00,150,110,130,80,65,60,30,35,4,Friday,False
536,2022-08-12 11:00:00,150,110,120,80,65,60,30,50,4,Friday,False
537,2022-08-12 11:15:00,150,110,130,85,65,60,30,35,4,Friday,False
538,2022-08-12 11:30:00,150,110,120,90,65,60,30,35,4,Friday,False
539,2022-08-12 11:45:00,155,110,120,85,65,55,20,45,4,Friday,False
540,2022-08-12 12:00:00,150,110,110,85,65,50,35,45,4,Friday,False
541,2022-08-12 12:15:00,150,110,80,80,55,50,35,35,4,Friday,False
542,2022-08-12 12:30:00,160,120,80,80,60,50,35,35,4,Friday,False
543,2022-08-12 12:45:00,160,120,80,80,60,55,35,30,4,Friday,False
544,2022-08-12 13:00:00,160,120,100,80,55,55,30,45,4,Friday,False
545,2022-08-12 13:15:00,160,120,110,80,55,55,30,50,4,Friday,False
546,2022-08-12 13:30:00,150,120,110,75,55,55,30,50,4,Friday,False
547,2022-08-12 13:45:00,150,140,110,75,60,50,25,35,4,Friday,False
548,2022-08-12 14:00:00,150,140,110,80,70,50,25,30,4,Friday,False
549,2022-08-12 14:15:00,150,140,110,80,65,55,30,45,4,Friday,False
550,2022-08-12 14:30:00,150,120,110,75,65,60,25,50,4,Friday,False
551,2022-08-12 14:45:00,160,120,110,75,60,60,40,45,4,Friday,False
552,2022-08-12 15:00:00,160,120,110,75,55,50,40,45,4,Friday,False
553,2022-08-12 15:15:00,160,120,110,80,55,50,30,45,4,Friday,False
554,2022-08-12 15:30:00,160,120,120,85,60,50,30,45,4,Friday,False
555,2022-08-12 15:45:00,160,130,120,85,60,50,35,35,4,Friday,False
556,2022-08-12 16:00:00,160,130,120,85,65,50,40,35,4,Friday,False
557,2022-08-12 16:15:00,155,130,120,85,60,55,25,50,4,Friday,False
558,2022-08-12 16:30:00,150,140,110,80,60,50,30,50,4,Friday,False
559,2022-08-12 16:45:00,150,140,100,80,55,50,50,50,4,Friday,False
560,2022-08-12 17:00:00,150,135,100,80,50,60,35,35,4,Friday,False
561,2022-08-12 17:15:00,160,125,100,75,55,60,35,30,4,Friday,False
562,2022-08-12 17:30:00,170,120,120,75,60,55,20,40,4,Friday,False
563,2022-08-12 17:45:00,170,100,110,75,55,50,30,45,4,Friday,False
564,2022-08-12 18:00:00,160,110,120,80,55,50,30,50,4,Friday,False
565,2022-08-12 18:15:00,160,115,120,80,55,50,25,45,4,Friday,False
566,2022-08-12 18:30:00,150,115,120,80,55,50,20,30,4,Friday,False
567,2022-08-12 18:45:00,140,110,130,80,55,45,25,35,4,Friday,False
568,2022-08-12 19:00:00,0,120,130,80,45,45,25,35,4,Friday,False
569,2022-08-12 19:15:00,0,120,0,80,45,45,15,35,4,Friday,False
570,2022-08-12 19:30:00,0,120,0,80,50,40,15,50,4,Friday,False
571,2022-08-12 19:45:00,0,120,0,80,50,40,20,45,4,Friday,False
572,2022-08-12 20:00:00,0,90,0,0,45,40,0,45,4,Friday,False
573,2022-08-12 20:15:00,0,0,0,0,40,35,0,30,4,Friday,False
574,2022-08-12 20:30:00,0,0,0,0,0,0,0,30,4,Friday,False
575,2022-08-12 20:45:00,0,0,0,0,0,0,0,20,4,Friday,False
576,2022-08-13 09:00:00,140,120,110,55,20,20,0,0,5,Saturday,False
577,2022-08-13 09:15:00,120,120,110,65,20,15,0,0,5,Saturday,False
578,2022-08-13 09:30:00,120,120,100,60,35,35,0,0,5,Saturday,False
579,2022-08-13 09:45:00,110,110,80,55,45,40,0,0,5,Saturday,False
580,2022-08-13 10:00:00,110,90,80,55,45,45,15,15,5,Saturday,False
581,2022-08-13 10:15:00,90,80,80,50,45,40,20,20,5,Saturday,False
582,2022-08-13 10:30:00,90,70,70,50,40,35,20,20,5,Saturday,False
583,2022-08-13 10:45:00,90,70,70,50,40,40,25,20,5,Saturday,False
584,2022-08-13 11:00:00,95,55,65,45,40,40,25,20,5,Saturday,False
585,2022-08-13 11:15:00,95,55,65,45,35,40,15,15,5,Saturday,False
586,2022-08-13 11:30:00,95,55,70,45,30,20,20,15,5,Saturday,False
587,2022-08-13 11:45:00,0,65,70,50,30,10,20,15,5,Saturday,False
588,2022-08-13 12:00:00,0,65,75,50,30,10,20,15,5,Saturday,False
589,2022-08-13 12:15:00,50,65,70,50,30,20,20,15,5,Saturday,False
590,2022-08-13 12:30:00,75,65,65,45,30,30,25,15,5,Saturday,False
591,2022-08-13 12:45:00,80,65,65,35,30,30,15,10,5,Saturday,False
592,2022-08-13 13:00:00,90,65,65,35,30,30,30,15,5,Saturday,False
593,2022-08-13 13:15:00,95,65,65,40,25,30,15,25,5,Saturday,False
594,2022-08-13 13:30:00,95,75,65,40,25,20,20,25,5,Saturday,False
595,2022-08-13 13:45:00,95,80,70,35,25,20,25,25,5,Saturday,False
596,2022-08-13 14:00:00,95,80,70,40,25,20,25,20,5,Saturday,False
597,2022-08-13 14:15:00,95,70,75,40,30,20,25,15,5,Saturday,False
598,2022-08-13 14:30:00,95,70,70,40,40,20,15,30,5,Saturday,False
599,2022-08-13 14:45:00,95,65,70,40,40,15,20,30,5,Saturday,False
600,2022-08-13 15:00:00,90,60,55,40,30,15,25,35,5,Saturday,False
601,2022-08-13 15:15:00,85,60,55,35,15,20,25,20,5,Saturday,False
602,2022-08-13 15:30:00,85,70,60,35,15,25,15,20,5,Saturday,False
603,2022-08-13 15:45:00,75,70,60,35,15,20,15,20,5,Saturday,False
604,2022-08-13 16:00:00,75,70,60,30,15,15,15,20,5,Saturday,False
605,2022-08-13 16:15:00,75,75,55,30,20,5,20,15,5,Saturday,False
606,2022-08-13 16:30:00,80,75,65,30,20,5,15,30,5,Saturday,False
607,2022-08-13 16:45:00,80,70,65,30,20,5,15,20,5,Saturday,False
608,2022-08-13 17:00:00,80,70,65,25,10,5,30,30,5,Saturday,False
609,2022-08-13 17:15:00,55,55,65,25,10,5,20,20,5,Saturday,False
610,2022-08-13 17:30:00,45,55,60,25,5,5,20,20,5,Saturday,False
611,2022-08-13 17:45:00,45,60,60,25,5,5,25,25,5,Saturday,False
612,2022-08-13 18:00:00,65,60,60,20,10,5,15,20,5,Saturday,False
613,2022-08-13 18:15:00,70,60,55,20,5,5,20,20,5,Saturday,False
614,2022-08-13 18:30:00,70,60,55,20,5,5,20,15,5,Saturday,False
615,2022-08-13 18:45:00,60,45,50,20,5,5,25,15,5,Saturday,False
616,2022-08-13 19:00:00,60,45,50,20,5,5,25,15,5,Saturday,False
617,2022-08-13 19:15:00,50,45,55,15,5,0,15,20,5,Saturday,False
618,2022-08-13 19:30:00,50,35,80,10,5,0,20,15,5,Saturday,False
619,2022-08-13 19:45:00,50,35,80,10,5,0,25,15,5,Saturday,False
620,2022-08-13 20:00:00,45,35,80,10,5,0,0,15,5,Saturday,False
621,2022-08-13 20:15:00,40,45,40,10,5,0,0,20,5,Saturday,False
622,2022-08-13 20:30:00,40,40,30,10,5,5,0,20,5,Saturday,False
623,2022-08-13 20:45:00,0,20,0,5,5,5,0,20,5,Saturday,False
624,2022-08-14 09:00:00,200,120,120,0,35,25,0,0,6,Sunday,False
625,2022-08-14 09:15:00,200,120,130,0,55,30,0,0,6,Sunday,False
626,2022-08-14 09:30:00,180,135,130,0,55,45,0,0,6,Sunday,False
627,2022-08-14 09:45:00,170,140,140,0,60,60,0,0,6,Sunday,False
628,2022-08-14 10:00:00,170,130,140,0,60,70,5,5,6,Sunday,False
629,2022-08-14 10:15:00,170,130,140,0,90,60,5,35,6,Sunday,False
630,2022-08-14 10:30:00,170,130,140,0,80,60,30,45,6,Sunday,False
631,2022-08-14 10:45:00,170,140,140,0,70,70,25,50,6,Sunday,False
632,2022-08-14 11:00:00,170,120,140,0,70,65,25,35,6,Sunday,False
633,2022-08-14 11:15:00,160,110,130,0,60,65,30,35,6,Sunday,False
634,2022-08-14 11:30:00,150,120,130,0,60,65,15,30,6,Sunday,False
635,2022-08-14 11:45:00,140,140,130,0,60,70,30,30,6,Sunday,False
636,2022-08-14 12:00:00,140,140,110,40,55,60,20,30,6,Sunday,False
637,2022-08-14 12:15:00,140,130,110,100,50,55,25,30,6,Sunday,False
638,2022-08-14 12:30:00,130,125,110,100,50,55,25,35,6,Sunday,False
639,2022-08-14 12:45:00,130,125,90,90,50,55,15,30,6,Sunday,False
640,2022-08-14 13:00:00,150,120,80,90,50,55,20,30,6,Sunday,False
641,2022-08-14 13:15:00,150,120,90,90,50,45,15,30,6,Sunday,False
642,2022-08-14 13:30:00,150,120,90,90,50,50,20,35,6,Sunday,False
643,2022-08-14 13:45:00,150,100,70,90,50,50,20,35,6,Sunday,False
644,2022-08-14 14:00:00,150,100,90,95,65,40,25,35,6,Sunday,False
645,2022-08-14 14:15:00,140,100,90,95,60,40,30,35,6,Sunday,False
646,2022-08-14 14:30:00,125,95,110,95,60,50,30,35,6,Sunday,False
647,2022-08-14 14:45:00,125,95,110,95,60,55,35,35,6,Sunday,False
648,2022-08-14 15:00:00,150,130,100,90,60,50,40,35,6,Sunday,False
649,2022-08-14 15:15:00,150,130,100,90,60,55,25,45,6,Sunday,False
650,2022-08-14 15:30:00,150,120,100,90,55,55,25,45,6,Sunday,False
651,2022-08-14 15:45:00,150,120,90,85,55,55,30,45,6,Sunday,False
652,2022-08-14 16:00:00,150,110,90,85,50,50,35,40,6,Sunday,False
653,2022-08-14 16:15:00,150,120,90,85,50,45,30,40,6,Sunday,False
654,2022-08-14 16:30:00,160,120,90,90,50,45,25,45,6,Sunday,False
655,2022-08-14 16:45:00,160,110,100,85,50,45,50,35,6,Sunday,False
656,2022-08-14 17:00:00,160,100,100,85,50,45,30,35,6,Sunday,False
657,2022-08-14 17:15:00,160,110,110,85,45,45,25,35,6,Sunday,False
658,2022-08-14 17:30:00,170,110,0,85,45,45,25,20,6,Sunday,False
659,2022-08-14 17:45:00,155,110,80,85,45,45,25,35,6,Sunday,False
660,2022-08-14 18:00:00,160,120,130,90,50,45,20,40,6,Sunday,False
661,2022-08-14 18:15:00,150,120,120,90,50,45,25,45,6,Sunday,False
662,2022-08-14 18:30:00,140,100,80,90,45,50,20,45,6,Sunday,False
663,2022-08-14 18:45:00,130,90,100,90,45,50,25,30,6,Sunday,False
664,2022-08-14 19:00:00,130,100,100,85,40,45,15,35,6,Sunday,False
665,2022-08-14 19:15:00,130,100,100,80,40,45,20,20,6,Sunday,False
666,2022-08-14 19:30:00,115,100,100,75,40,45,20,45,6,Sunday,False
667,2022-08-14 19:45:00,0,90,0,75,40,35,25,35,6,Sunday,False
668,2022-08-14 20:00:00,0,0,0,75,35,40,0,35,6,Sunday,False
669,2022-08-14 20:15:00,0,0,0,70,30,40,0,30,6,Sunday,False
670,2022-08-14 20:30:00,0,0,0,0,0,0,0,40,6,Sunday,False
671,2022-08-14 20:45:00,0,0,0,0,0,0,0,0,6,Sunday,False
672,2022-08-15 09:00:00,180,150,130,70,30,15,0,0,0,Monday,False
673,2022-08-15 09:15:00,190,160,140,75,45,10,0,0,0,Monday,False
674,2022-08-15 09:30:00,190,160,130,75,50,40,0,0,0,Monday,False
675,2022-08-15 09:45:00,180,150,130,80,55,60,0,0,0,Monday,False
676,2022-08-15 10:00:00,170,150,130,80,55,60,5,20,0,Monday,False
677,2022-08-15 10:15:00,170,140,130,80,55,50,5,20,0,Monday,False
678,2022-08-15 10:30:00,150,140,120,80,60,50,5,30,0,Monday,False
679,2022-08-15 10:45:00,140,130,110,80,60,50,5,35,0,Monday,False
680,2022-08-15 11:00:00,130,120,100,80,60,50,25,35,0,Monday,False
681,2022-08-15 11:15:00,130,110,110,80,55,50,30,35,0,Monday,False
682,2022-08-15 11:30:00,130,100,110,80,55,50,30,35,0,Monday,False
683,2022-08-15 11:45:00,120,100,110,80,55,50,20,40,0,Monday,False
684,2022-08-15 12:00:00,130,95,80,75,60,50,20,40,0,Monday,False
685,2022-08-15 12:15:00,130,110,80,75,60,45,40,40,0,Monday,False
686,2022-08-15 12:30:00,140,110,90,75,60,45,15,30,0,Monday,False
687,2022-08-15 12:45:00,140,115,90,75,55,45,30,30,0,Monday,False
688,2022-08-15 13:00:00,140,95,90,75,55,50,30,30,0,Monday,False
689,2022-08-15 13:15:00,130,100,80,75,50,50,35,30,0,Monday,False
690,2022-08-15 13:30:00,130,110,100,70,50,50,20,30,0,Monday,False
691,2022-08-15 13:45:00,120,100,100,75,50,45,25,40,0,Monday,False
692,2022-08-15 14:00:00,130,100,100,75,55,45,30,35,0,Monday,False
693,2022-08-15 14:15:00,130,110,100,75,65,45,30,35,0,Monday,False
694,2022-08-15 14:30:00,130,130,90,75,65,45,30,50,0,Monday,False
695,2022-08-15 14:45:00,140,125,90,75,60,55,35,45,0,Monday,False
696,2022-08-15 15:00:00,140,120,90,75,60,55,20,45,0,Monday,False
697,2022-08-15 15:15:00,140,100,100,75,50,50,25,35,0,Monday,False
698,2022-08-15 15:30:00,140,100,100,80,55,50,25,40,0,Monday,False
699,2022-08-15 15:45:00,140,100,100,80,50,50,30,35,0,Monday,False
700,2022-08-15 16:00:00,130,100,110,75,50,50,20,35,0,Monday,False
701,2022-08-15 16:15:00,140,100,100,70,50,45,20,45,0,Monday,False
702,2022-08-15 16:30:00,140,100,100,70,50,45,25,50,0,Monday,False
703,2022-08-15 16:45:00,140,115,100,70,50,45,40,45,0,Monday,False
704,2022-08-15 17:00:00,140,110,100,60,50,45,35,35,0,Monday,False
705,2022-08-15 17:15:00,140,110,100,60,50,40,25,30,0,Monday,False
706,2022-08-15 17:30:00,145,115,100,65,50,40,20,30,0,Monday,False
707,2022-08-15 17:45:00,145,105,100,65,50,40,15,30,0,Monday,False
708,2022-08-15 18:00:00,160,110,110,70,50,45,30,45,0,Monday,False
709,2022-08-15 18:15:00,155,110,90,70,50,50,15,35,0,Monday,False
710,2022-08-15 18:30:00,145,95,100,70,50,40,20,45,0,Monday,False
711,2022-08-15 18:45:00,140,95,100,65,45,45,25,30,0,Monday,False
712,2022-08-15 19:00:00,135,95,100,60,45,45,25,25,0,Monday,False
713,2022-08-15 19:15:00,130,95,100,60,45,40,15,20,0,Monday,False
714,2022-08-15 19:30:00,0,95,100,60,45,40,20,35,0,Monday,False
715,2022-08-15 19:45:00,0,85,0,60,45,40,20,35,0,Monday,False
716,2022-08-15 20:00:00,0,0,0,60,40,40,0,30,0,Monday,False
717,2022-08-15 20:15:00,0,0,0,60,35,30,0,30,0,Monday,False
718,2022-08-15 20:30:00,0,0,0,0,25,0,0,20,0,Monday,False
719,2022-08-15 20:45:00,0,0,0,0,0,0,0,0,0,Monday,False
720,2022-08-16 09:00:00,190,140,120,60,20,5,0,0,1,Tuesday,False
721,2022-08-16 09:15:00,180,130,130,70,25,5,0,0,1,Tuesday,False
722,2022-08-16 09:30:00,160,130,120,80,50,30,0,0,1,Tuesday,False
723,2022-08-16 09:45:00,170,130,120,75,60,45,0,0,1,Tuesday,False
724,2022-08-16 10:00:00,155,125,110,75,60,50,5,15,1,Tuesday,False
725,2022-08-16 10:15:00,150,120,110,75,60,50,25,15,1,Tuesday,False
726,2022-08-16 10:30:00,145,100,100,70,55,50,20,35,1,Tuesday,False
727,2022-08-16 10:45:00,125,100,90,70,50,50,25,20,1,Tuesday,False
728,2022-08-16 11:00:00,115,90,70,70,45,45,15,20,1,Tuesday,False
729,2022-08-16 11:15:00,105,90,70,65,55,40,15,20,1,Tuesday,False
730,2022-08-16 11:30:00,110,90,80,65,45,40,15,20,1,Tuesday,False
731,2022-08-16 11:45:00,110,80,80,60,40,40,20,25,1,Tuesday,False
732,2022-08-16 12:00:00,90,70,80,65,40,35,25,25,1,Tuesday,False
733,2022-08-16 12:15:00,90,75,80,60,40,35,25,20,1,Tuesday,False
734,2022-08-16 12:30:00,100,80,80,65,40,40,25,15,1,Tuesday,False
735,2022-08-16 12:45:00,110,70,70,60,45,45,15,20,1,Tuesday,False
736,2022-08-16 13:00:00,110,100,70,50,45,40,15,35,1,Tuesday,False
737,2022-08-16 13:15:00,100,90,70,45,45,40,20,20,1,Tuesday,False
738,2022-08-16 13:30:00,100,80,70,50,45,30,20,20,1,Tuesday,False
739,2022-08-16 13:45:00,90,75,80,55,40,30,20,20,1,Tuesday,False
740,2022-08-16 14:00:00,90,65,80,60,40,35,25,20,1,Tuesday,False
741,2022-08-16 14:15:00,95,75,80,60,50,35,15,20,1,Tuesday,False
742,2022-08-16 14:30:00,100,100,70,55,45,35,15,20,1,Tuesday,False
743,2022-08-16 14:45:00,110,100,70,55,45,45,20,25,1,Tuesday,False
744,2022-08-16 15:00:00,100,90,70,50,35,40,20,20,1,Tuesday,False
745,2022-08-16 15:15:00,100,90,70,50,40,35,25,25,1,Tuesday,False
746,2022-08-16 15:30:00,100,80,75,50,35,35,25,25,1,Tuesday,False
747,2022-08-16 15:45:00,90,80,75,45,35,35,15,30,1,Tuesday,False
748,2022-08-16 16:00:00,90,80,70,45,40,35,15,30,1,Tuesday,False
749,2022-08-16 16:15:00,90,70,70,45,40,35,25,20,1,Tuesday,False
750,2022-08-16 16:30:00,100,70,75,50,35,35,25,35,1,Tuesday,False
751,2022-08-16 16:45:00,100,70,75,45,35,35,15,35,1,Tuesday,False
752,2022-08-16 17:00:00,110,70,80,40,35,35,30,20,1,Tuesday,False
753,2022-08-16 17:15:00,115,70,80,40,35,30,20,20,1,Tuesday,False
754,2022-08-16 17:30:00,115,70,70,50,35,30,20,20,1,Tuesday,False
755,2022-08-16 17:45:00,115,70,70,50,30,30,25,20,1,Tuesday,False
756,2022-08-16 18:00:00,130,80,80,50,35,35,15,25,1,Tuesday,False
757,2022-08-16 18:15:00,130,85,80,45,35,35,20,30,1,Tuesday,False
758,2022-08-16 18:30:00,125,75,80,40,35,40,20,30,1,Tuesday,False
759,2022-08-16 18:45:00,120,70,80,40,30,30,20,30,1,Tuesday,False
760,2022-08-16 19:00:00,110,80,90,0,30,35,25,25,1,Tuesday,False
761,2022-08-16 19:15:00,100,80,90,0,30,35,15,20,1,Tuesday,False
762,2022-08-16 19:30:00,90,70,100,0,30,35,15,20,1,Tuesday,False
763,2022-08-16 19:45:00,0,70,0,0,25,35,20,20,1,Tuesday,False
764,2022-08-16 20:00:00,0,0,0,0,25,35,0,25,1,Tuesday,False
765,2022-08-16 20:15:00,0,0,0,0,30,35,0,20,1,Tuesday,False
766,2022-08-16 20:30:00,0,0,0,0,25,0,0,20,1,Tuesday,False
767,2022-08-16 20:45:00,0,0,0,0,0,0,0,15,1,Tuesday,False
768,2022-08-17 09:00:00,140,100,120,65,5,20,0,0,2,Wednesday,False
769,2022-08-17 09:15:00,130,100,130,65,25,25,0,0,2,Wednesday,False
770,2022-08-17 09:30:00,120,100,110,65,50,25,0,0,2,Wednesday,False
771,2022-08-17 09:45:00,110,95,80,65,50,40,0,0,2,Wednesday,False
772,2022-08-17 10:00:00,105,95,90,60,45,40,15,15,2,Wednesday,False
773,2022-08-17 10:15:00,105,110,80,60,45,40,20,20,2,Wednesday,False
774,2022-08-17 10:30:00,90,105,75,50,40,35,25,20,2,Wednesday,False
775,2022-08-17 10:45:00,85,85,60,45,40,35,25,20,2,Wednesday,False
776,2022-08-17 11:00:00,90,65,60,45,45,40,25,20,2,Wednesday,False
777,2022-08-17 11:15:00,90,60,70,45,50,35,15,15,2,Wednesday,False
778,2022-08-17 11:30:00,90,60,70,50,45,30,15,15,2,Wednesday,False
779,2022-08-17 11:45:00,85,65,65,50,40,25,20,15,2,Wednesday,False
780,2022-08-17 12:00:00,85,65,65,45,35,30,20,15,2,Wednesday,False
781,2022-08-17 12:15:00,75,65,55,45,40,30,20,15,2,Wednesday,False
782,2022-08-17 12:30:00,75,65,50,45,40,25,25,15,2,Wednesday,False
783,2022-08-17 12:45:00,75,60,50,50,35,30,15,15,2,Wednesday,False
784,2022-08-17 13:00:00,75,60,50,45,35,30,15,20,2,Wednesday,False
785,2022-08-17 13:15:00,75,60,55,45,30,30,15,20,2,Wednesday,False
786,2022-08-17 13:30:00,80,60,55,40,30,25,20,20,2,Wednesday,False
787,2022-08-17 13:45:00,75,65,55,40,30,30,25,20,2,Wednesday,False
788,2022-08-17 14:00:00,75,65,55,40,30,25,25,25,2,Wednesday,False
789,2022-08-17 14:15:00,75,65,60,40,30,25,15,20,2,Wednesday,False
790,2022-08-17 14:30:00,80,70,60,40,40,30,15,20,2,Wednesday,False
791,2022-08-17 14:45:00,80,75,65,35,40,30,15,35,2,Wednesday,False
792,2022-08-17 15:00:00,75,75,65,35,40,35,20,30,2,Wednesday,False
793,2022-08-17 15:15:00,75,75,70,40,35,30,25,25,2,Wednesday,False
794,2022-08-17 15:30:00,75,70,70,45,35,30,15,30,2,Wednesday,False
795,2022-08-17 15:45:00,75,70,70,45,35,25,15,30,2,Wednesday,False
796,2022-08-17 16:00:00,75,70,65,40,30,30,15,30,2,Wednesday,False
797,2022-08-17 16:15:00,75,70,65,30,25,30,25,20,2,Wednesday,False
798,2022-08-17 16:30:00,75,60,65,30,30,25,25,35,2,Wednesday,False
799,2022-08-17 16:45:00,75,60,65,35,35,25,15,20,2,Wednesday,False
800,2022-08-17 17:00:00,75,0,60,35,25,20,30,30,2,Wednesday,False
801,2022-08-17 17:15:00,85,0,60,40,25,10,20,20,2,Wednesday,False
802,2022-08-17 17:30:00,85,0,60,40,15,20,20,30,2,Wednesday,False
803,2022-08-17 17:45:00,85,0,75,35,20,25,25,20,2,Wednesday,False
804,2022-08-17 18:00:00,90,0,75,40,35,25,15,30,2,Wednesday,False
805,2022-08-17 18:15:00,90,0,75,40,35,35,20,30,2,Wednesday,False
806,2022-08-17 18:30:00,90,0,75,35,30,30,20,15,2,Wednesday,False
807,2022-08-17 18:45:00,90,0,75,40,30,30,25,15,2,Wednesday,False
808,2022-08-17 19:00:00,85,0,80,40,25,30,25,15,2,Wednesday,False
809,2022-08-17 19:15:00,80,0,80,35,20,25,15,20,2,Wednesday,False
810,2022-08-17 19:30:00,80,0,90,30,20,25,15,20,2,Wednesday,False
811,2022-08-17 19:45:00,70,0,65,30,20,25,20,20,2,Wednesday,False
812,2022-08-17 20:00:00,0,0,60,30,10,20,0,20,2,Wednesday,False
813,2022-08-17 20:15:00,0,0,0,30,10,20,0,15,2,Wednesday,False
814,2022-08-17 20:30:00,0,0,0,30,5,15,0,15,2,Wednesday,False
815,2022-08-17 20:45:00,0,0,0,20,5,5,0,20,2,Wednesday,False
816,2022-08-18 09:00:00,130,100,5,50,30,5,0,0,3,Thursday,False
817,2022-08-18 09:15:00,130,100,110,55,35,0,0,0,3,Thursday,False
818,2022-08-18 09:30:00,110,110,120,60,45,0,0,0,3,Thursday,False
819,2022-08-18 09:45:00,110,100,110,55,50,0,0,0,3,Thursday,False
820,2022-08-18 10:00:00,110,90,110,65,45,0,5,15,3,Thursday,False
821,2022-08-18 10:15:00,110,80,100,70,45,0,20,20,3,Thursday,False
822,2022-08-18 10:30:00,100,80,90,65,45,0,20,35,3,Thursday,False
823,2022-08-18 10:45:00,85,80,90,60,40,0,20,30,3,Thursday,False
824,2022-08-18 11:00:00,80,80,75,60,40,0,25,30,3,Thursday,False
825,2022-08-18 11:15:00,80,80,80,55,40,0,20,30,3,Thursday,False
826,2022-08-18 11:30:00,85,80,75,55,40,0,20,30,3,Thursday,False
827,2022-08-18 11:45:00,85,70,75,50,35,5,20,30,3,Thursday,False
828,2022-08-18 12:00:00,95,70,75,50,35,40,20,15,3,Thursday,False
829,2022-08-18 12:15:00,100,60,75,45,35,45,25,15,3,Thursday,False
830,2022-08-18 12:30:00,100,70,60,50,40,35,15,15,3,Thursday,False
831,2022-08-18 12:45:00,100,80,55,50,45,45,15,20,3,Thursday,False
832,2022-08-18 13:00:00,85,80,65,45,45,35,15,20,3,Thursday,False
833,2022-08-18 13:15:00,85,75,75,45,40,35,20,35,3,Thursday,False
834,2022-08-18 13:30:00,80,75,70,55,40,40,20,20,3,Thursday,False
835,2022-08-18 13:45:00,80,70,65,55,40,40,25,30,3,Thursday,False
836,2022-08-18 14:00:00,90,70,65,40,35,45,25,20,3,Thursday,False
837,2022-08-18 14:15:00,95,70,65,40,50,45,10,25,3,Thursday,False
838,2022-08-18 14:30:00,95,75,65,40,50,40,30,30,3,Thursday,False
839,2022-08-18 14:45:00,90,75,65,45,40,40,20,25,3,Thursday,False
840,2022-08-18 15:00:00,85,75,60,45,35,45,20,30,3,Thursday,False
841,2022-08-18 15:15:00,80,75,65,45,40,40,25,30,3,Thursday,False
842,2022-08-18 15:30:00,80,75,65,40,40,35,30,30,3,Thursday,False
843,2022-08-18 15:45:00,90,65,65,40,35,40,20,20,3,Thursday,False
844,2022-08-18 16:00:00,90,65,70,40,25,35,15,20,3,Thursday,False
845,2022-08-18 16:15:00,75,65,65,35,25,35,20,20,3,Thursday,False
846,2022-08-18 16:30:00,75,65,65,35,35,35,25,30,3,Thursday,False
847,2022-08-18 16:45:00,85,95,65,40,25,35,15,30,3,Thursday,False
848,2022-08-18 17:00:00,80,95,70,40,20,40,35,25,3,Thursday,False
849,2022-08-18 17:15:00,80,80,65,35,25,35,20,30,3,Thursday,False
850,2022-08-18 17:30:00,75,75,65,40,30,35,15,20,3,Thursday,False
851,2022-08-18 17:45:00,70,75,70,35,30,40,25,30,3,Thursday,False
852,2022-08-18 18:00:00,85,75,75,45,30,35,20,20,3,Thursday,False
853,2022-08-18 18:15:00,100,75,75,45,30,35,20,30,3,Thursday,False
854,2022-08-18 18:30:00,105,60,75,40,25,40,20,15,3,Thursday,False
855,2022-08-18 18:45:00,95,60,75,30,20,40,25,15,3,Thursday,False
856,2022-08-18 19:00:00,95,80,80,35,20,35,25,15,3,Thursday,False
857,2022-08-18 19:15:00,90,80,90,40,20,35,20,30,3,Thursday,False
858,2022-08-18 19:30:00,90,80,80,35,15,30,15,15,3,Thursday,False
859,2022-08-18 19:45:00,80,75,80,35,15,30,20,20,3,Thursday,False
860,2022-08-18 20:00:00,0,70,75,35,10,30,0,20,3,Thursday,False
861,2022-08-18 20:15:00,0,0,0,35,10,25,0,20,3,Thursday,False
862,2022-08-18 20:30:00,0,0,0,35,10,20,0,20,3,Thursday,False
863,2022-08-18 20:45:00,0,0,0,0,5,0,0,25,3,Thursday,False
864,2022-08-19 09:00:00,135,130,5,45,5,5,0,0,4,Friday,False
865,2022-08-19 09:15:00,140,120,110,50,20,5,0,0,4,Friday,False
866,2022-08-19 09:30:00,120,100,120,55,50,25,0,0,4,Friday,False
867,2022-08-19 09:45:00,120,95,120,60,50,40,0,0,4,Friday,False
868,2022-08-19 10:00:00,130,85,110,65,50,45,5,5,4,Friday,False
869,2022-08-19 10:15:00,115,85,100,70,45,40,15,20,4,Friday,False
870,2022-08-19 10:30:00,100,85,100,60,40,35,20,30,4,Friday,False
871,2022-08-19 10:45:00,90,85,90,60,40,35,20,30,4,Friday,False
872,2022-08-19 11:00:00,90,70,70,50,40,40,25,20,4,Friday,False
873,2022-08-19 11:15:00,90,70,65,45,40,35,15,30,4,Friday,False
874,2022-08-19 11:30:00,90,70,50,50,40,35,15,30,4,Friday,False
875,2022-08-19 11:45:00,100,70,50,50,35,30,15,20,4,Friday,False
876,2022-08-19 12:00:00,100,80,55,45,35,25,20,15,4,Friday,False
877,2022-08-19 12:15:00,90,80,70,45,35,25,20,15,4,Friday,False
878,2022-08-19 12:30:00,90,70,80,45,40,30,25,15,4,Friday,False
879,2022-08-19 12:45:00,90,60,90,40,40,30,25,20,4,Friday,False
880,2022-08-19 13:00:00,90,70,60,50,35,30,15,20,4,Friday,False
881,2022-08-19 13:15:00,90,70,60,50,35,25,20,30,4,Friday,False
882,2022-08-19 13:30:00,90,70,45,50,35,25,15,30,4,Friday,False
883,2022-08-19 13:45:00,90,70,45,40,30,30,25,15,4,Friday,False
884,2022-08-19 14:00:00,100,70,65,40,30,30,25,15,4,Friday,False
885,2022-08-19 14:15:00,90,70,65,40,45,30,15,20,4,Friday,False
886,2022-08-19 14:30:00,90,75,65,40,40,30,15,35,4,Friday,False
887,2022-08-19 14:45:00,90,70,65,40,35,35,15,20,4,Friday,False
888,2022-08-19 15:00:00,80,70,65,40,30,35,20,25,4,Friday,False
889,2022-08-19 15:15:00,80,65,70,40,35,30,25,30,4,Friday,False
890,2022-08-19 15:30:00,80,65,70,35,35,25,25,20,4,Friday,False
891,2022-08-19 15:45:00,80,65,65,35,30,30,15,20,4,Friday,False
892,2022-08-19 16:00:00,80,65,55,40,25,25,20,25,4,Friday,False
893,2022-08-19 16:15:00,80,65,55,35,25,30,20,30,4,Friday,False
894,2022-08-19 16:30:00,80,70,70,35,25,25,25,35,4,Friday,False
895,2022-08-19 16:45:00,90,70,75,35,25,25,15,30,4,Friday,False
896,2022-08-19 17:00:00,90,70,70,35,20,20,30,20,4,Friday,False
897,2022-08-19 17:15:00,95,65,60,35,20,25,20,20,4,Friday,False
898,2022-08-19 17:30:00,100,65,60,35,20,20,20,20,4,Friday,False
899,2022-08-19 17:45:00,95,75,65,35,25,20,25,20,4,Friday,False
900,2022-08-19 18:00:00,100,80,75,45,25,25,25,25,4,Friday,False
901,2022-08-19 18:15:00,100,80,75,40,25,30,25,35,4,Friday,False
902,2022-08-19 18:30:00,100,70,75,30,25,30,25,35,4,Friday,False
903,2022-08-19 18:45:00,85,65,80,30,25,25,25,15,4,Friday,False
904,2022-08-19 19:00:00,90,70,75,30,20,25,25,30,4,Friday,False
905,2022-08-19 19:15:00,90,75,60,30,15,25,15,30,4,Friday,False
906,2022-08-19 19:30:00,80,75,80,30,10,25,20,20,4,Friday,False
907,2022-08-19 19:45:00,80,70,80,30,10,20,20,25,4,Friday,False
908,2022-08-19 20:00:00,0,60,70,30,20,20,0,15,4,Friday,False
909,2022-08-19 20:15:00,0,0,0,30,15,15,0,15,4,Friday,False
910,2022-08-19 20:30:00,0,0,0,35,5,15,0,15,4,Friday,False
911,2022-08-19 20:45:00,0,0,0,0,5,15,0,25,4,Friday,False
912,2022-08-20 09:00:00,180,120,100,0,30,5,0,0,5,Saturday,False
913,2022-08-20 09:15:00,180,130,120,0,55,20,0,0,5,Saturday,False
914,2022-08-20 09:30:00,170,150,120,0,55,40,0,0,5,Saturday,False
915,2022-08-20 09:45:00,160,140,120,0,55,45,0,0,5,Saturday,False
916,2022-08-20 10:00:00,160,120,120,0,45,45,5,5,5,Saturday,False
917,2022-08-20 10:15:00,145,110,110,0,40,45,25,5,5,Saturday,False
918,2022-08-20 10:30:00,140,110,100,0,40,45,20,20,5,Saturday,False
919,2022-08-20 10:45:00,120,100,90,0,40,45,20,20,5,Saturday,False
920,2022-08-20 11:00:00,110,90,90,0,45,40,25,20,5,Saturday,False
921,2022-08-20 11:15:00,105,70,90,0,45,40,10,20,5,Saturday,False
922,2022-08-20 11:30:00,100,70,90,0,40,40,15,25,5,Saturday,False
923,2022-08-20 11:45:00,100,70,90,0,35,35,15,30,5,Saturday,False
924,2022-08-20 12:00:00,100,70,80,0,35,30,20,20,5,Saturday,False
925,2022-08-20 12:15:00,120,80,55,0,35,30,25,15,5,Saturday,False
926,2022-08-20 12:30:00,110,80,60,0,40,40,25,15,5,Saturday,False
927,2022-08-20 12:45:00,100,70,60,0,40,40,15,15,5,Saturday,False
928,2022-08-20 13:00:00,110,80,70,0,40,35,15,15,5,Saturday,False
929,2022-08-20 13:15:00,110,80,70,0,40,35,20,20,5,Saturday,False
930,2022-08-20 13:30:00,110,80,70,0,35,35,20,35,5,Saturday,False
931,2022-08-20 13:45:00,110,80,70,0,35,35,25,20,5,Saturday,False
932,2022-08-20 14:00:00,100,75,70,0,35,35,25,20,5,Saturday,False
933,2022-08-20 14:15:00,100,75,70,0,45,40,30,35,5,Saturday,False
934,2022-08-20 14:30:00,100,65,75,0,45,35,15,35,5,Saturday,False
935,2022-08-20 14:45:00,100,75,75,0,40,35,15,35,5,Saturday,False
936,2022-08-20 15:00:00,110,75,75,0,30,35,20,30,5,Saturday,False
937,2022-08-20 15:15:00,110,75,75,0,30,35,25,30,5,Saturday,False
938,2022-08-20 15:30:00,110,75,75,0,30,35,25,30,5,Saturday,False
939,2022-08-20 15:45:00,115,75,75,0,35,35,15,20,5,Saturday,False
940,2022-08-20 16:00:00,110,65,75,0,35,35,15,30,5,Saturday,False
941,2022-08-20 16:15:00,110,55,65,0,35,40,20,35,5,Saturday,False
942,2022-08-20 16:30:00,110,75,75,0,35,40,25,35,5,Saturday,False
943,2022-08-20 16:45:00,115,75,80,0,35,30,45,30,5,Saturday,False
944,2022-08-20 17:00:00,115,75,75,0,30,35,35,30,5,Saturday,False
945,2022-08-20 17:15:00,115,75,75,0,20,30,20,30,5,Saturday,False
946,2022-08-20 17:30:00,90,70,80,0,25,30,20,20,5,Saturday,False
947,2022-08-20 17:45:00,100,70,80,0,25,30,15,35,5,Saturday,False
948,2022-08-20 18:00:00,120,65,80,0,30,35,15,35,5,Saturday,False
949,2022-08-20 18:15:00,115,70,80,0,30,35,15,20,5,Saturday,False
950,2022-08-20 18:30:00,100,70,80,0,25,35,20,20,5,Saturday,False
951,2022-08-20 18:45:00,100,60,90,0,20,30,25,20,5,Saturday,False
952,2022-08-20 19:00:00,100,60,80,40,20,25,25,20,5,Saturday,False
953,2022-08-20 19:15:00,90,70,75,75,15,25,15,20,5,Saturday,False
954,2022-08-20 19:30:00,80,70,75,75,10,15,20,15,5,Saturday,False
955,2022-08-20 19:45:00,70,65,65,80,10,15,20,15,5,Saturday,False
956,2022-08-20 20:00:00,0,60,60,0,10,15,0,15,5,Saturday,False
957,2022-08-20 20:15:00,0,0,0,0,5,15,0,20,5,Saturday,False
958,2022-08-20 20:30:00,0,0,0,0,10,15,0,15,5,Saturday,False
959,2022-08-20 20:45:00,0,0,0,0,5,10,0,20,5,Saturday,False
960,2022-08-21 09:00:00,160,95,5,50,25,5,0,0,6,Sunday,False
961,2022-08-21 09:15:00,160,95,120,55,25,5,0,0,6,Sunday,False
962,2022-08-21 09:30:00,160,110,110,60,35,25,0,0,6,Sunday,False
963,2022-08-21 09:45:00,140,100,110,55,35,30,0,0,6,Sunday,False
964,2022-08-21 10:00:00,140,90,90,50,35,35,15,15,6,Sunday,False
965,2022-08-21 10:15:00,110,95,80,50,40,35,15,15,6,Sunday,False
966,2022-08-21 10:30:00,100,90,70,45,40,30,25,15,6,Sunday,False
967,2022-08-21 10:45:00,100,70,70,45,40,30,25,20,6,Sunday,False
968,2022-08-21 11:00:00,95,65,60,45,35,30,20,20,6,Sunday,False
969,2022-08-21 11:15:00,75,65,60,45,35,35,15,20,6,Sunday,False
970,2022-08-21 11:30:00,75,60,60,40,35,25,15,20,6,Sunday,False
971,2022-08-21 11:45:00,85,55,55,35,30,25,15,20,6,Sunday,False
972,2022-08-21 12:00:00,100,45,50,35,25,25,20,20,6,Sunday,False
973,2022-08-21 12:15:00,100,65,40,40,30,25,20,20,6,Sunday,False
974,2022-08-21 12:30:00,100,70,40,45,30,25,20,20,6,Sunday,False
975,2022-08-21 12:45:00,100,70,50,40,30,30,15,20,6,Sunday,False
976,2022-08-21 13:00:00,100,65,60,40,25,35,15,20,6,Sunday,False
977,2022-08-21 13:15:00,90,65,60,35,25,20,25,30,6,Sunday,False
978,2022-08-21 13:30:00,85,60,55,30,25,25,20,25,6,Sunday,False
979,2022-08-21 13:45:00,85,60,50,0,30,25,25,15,6,Sunday,False
980,2022-08-21 14:00:00,85,60,50,0,30,30,25,25,6,Sunday,False
981,2022-08-21 14:15:00,75,70,60,0,45,30,15,20,6,Sunday,False
982,2022-08-21 14:30:00,70,70,70,0,40,30,15,35,6,Sunday,False
983,2022-08-21 14:45:00,75,70,60,0,35,30,20,20,6,Sunday,False
984,2022-08-21 15:00:00,80,70,50,0,25,30,20,30,6,Sunday,False
985,2022-08-21 15:15:00,90,65,45,0,30,25,25,20,6,Sunday,False
986,2022-08-21 15:30:00,90,65,45,10,30,30,25,35,6,Sunday,False
987,2022-08-21 15:45:00,90,60,45,30,25,25,15,20,6,Sunday,False
988,2022-08-21 16:00:00,85,60,55,50,25,30,20,30,6,Sunday,False
989,2022-08-21 16:15:00,80,50,50,40,25,30,20,20,6,Sunday,False
990,2022-08-21 16:30:00,75,65,65,40,25,25,25,30,6,Sunday,False
991,2022-08-21 16:45:00,70,75,65,40,25,25,15,30,6,Sunday,False
992,2022-08-21 17:00:00,75,80,40,45,25,25,30,30,6,Sunday,False
993,2022-08-21 17:15:00,80,70,40,40,20,25,20,30,6,Sunday,False
994,2022-08-21 17:30:00,80,60,45,40,20,20,25,20,6,Sunday,False
995,2022-08-21 17:45:00,80,70,55,40,20,25,25,25,6,Sunday,False
996,2022-08-21 18:00:00,80,60,65,40,15,25,20,20,6,Sunday,False
997,2022-08-21 18:15:00,80,70,65,40,20,25,20,30,6,Sunday,False
998,2022-08-21 18:30:00,75,70,60,35,20,25,20,20,6,Sunday,False
999,2022-08-21 18:45:00,75,65,60,40,15,25,25,15,6,Sunday,False
1000,2022-08-21 19:00:00,75,65,60,40,10,25,25,15,6,Sunday,False
1001,2022-08-21 19:15:00,75,55,70,35,10,20,15,15,6,Sunday,False
1002,2022-08-21 19:30:00,70,60,75,35,10,20,15,15,6,Sunday,False
1003,2022-08-21 19:45:00,70,60,60,35,10,15,20,20,6,Sunday,False
1004,2022-08-21 20:00:00,0,55,60,35,5,20,0,15,6,Sunday,False
1005,2022-08-21 20:15:00,0,0,0,30,5,15,0,20,6,Sunday,False
1006,2022-08-21 20:30:00,0,0,0,25,5,10,0,20,6,Sunday,False
1007,2022-08-21 20:45:00,0,0,0,20,5,5,0,25,6,Sunday,False
1008,2022-08-22 09:00:00,140,130,110,60,25,5,0,0,0,Monday,False
1009,2022-08-22 09:15:00,130,130,100,65,30,10,0,0,0,Monday,False
1010,2022-08-22 09:30:00,120,120,90,60,50,35,0,0,0,Monday,False
1011,2022-08-22 09:45:00,120,110,90,55,55,45,0,0,0,Monday,False
1012,2022-08-22 10:00:00,110,100,90,55,45,45,30,0,0,Monday,False
1013,2022-08-22 10:15:00,110,80,90,55,45,45,20,0,0,Monday,False
1014,2022-08-22 10:30:00,100,70,90,55,50,40,20,0,0,Monday,False
1015,2022-08-22 10:45:00,90,75,80,55,50,40,25,0,0,Monday,False
1016,2022-08-22 11:00:00,90,65,75,55,40,40,25,0,0,Monday,False
1017,2022-08-22 11:15:00,85,65,65,50,40,40,15,0,0,Monday,False
1018,2022-08-22 11:30:00,85,75,65,45,40,35,15,0,0,Monday,False
1019,2022-08-22 11:45:00,85,70,65,45,40,30,20,0,0,Monday,False
1020,2022-08-22 12:00:00,95,60,80,45,35,30,20,0,0,Monday,False
1021,2022-08-22 12:15:00,95,60,65,45,35,30,20,0,0,Monday,False
1022,2022-08-22 12:30:00,95,75,60,45,35,30,25,0,0,Monday,False
1023,2022-08-22 12:45:00,100,70,60,45,40,30,15,0,0,Monday,False
1024,2022-08-22 13:00:00,95,75,60,50,40,40,15,0,0,Monday,False
1025,2022-08-22 13:15:00,85,70,65,50,35,35,20,0,0,Monday,False
1026,2022-08-22 13:30:00,75,60,70,50,35,35,20,0,0,Monday,False
1027,2022-08-22 13:45:00,80,60,65,45,35,35,25,0,0,Monday,False
1028,2022-08-22 14:00:00,80,60,65,40,35,35,25,0,0,Monday,False
1029,2022-08-22 14:15:00,80,65,60,40,50,35,15,0,0,Monday,False
1030,2022-08-22 14:30:00,85,75,65,45,45,40,15,0,0,Monday,False
1031,2022-08-22 14:45:00,90,80,65,45,40,40,20,0,0,Monday,False
1032,2022-08-22 15:00:00,90,70,75,45,35,35,25,0,0,Monday,False
1033,2022-08-22 15:15:00,80,70,80,45,35,30,25,0,0,Monday,False
1034,2022-08-22 15:30:00,75,60,80,45,35,30,15,0,0,Monday,False
1035,2022-08-22 15:45:00,70,65,70,40,35,30,15,0,0,Monday,False
1036,2022-08-22 16:00:00,70,75,50,35,35,25,20,0,0,Monday,False
1037,2022-08-22 16:15:00,65,70,45,35,35,30,20,0,0,Monday,False
1038,2022-08-22 16:30:00,80,70,55,40,30,30,25,0,0,Monday,False
1039,2022-08-22 16:45:00,90,65,55,40,25,30,25,0,0,Monday,False
1040,2022-08-22 17:00:00,85,65,60,40,25,25,30,0,0,Monday,False
1041,2022-08-22 17:15:00,85,65,60,35,25,25,15,0,0,Monday,False
1042,2022-08-22 17:30:00,80,65,50,35,30,25,20,0,0,Monday,False
1043,2022-08-22 17:45:00,70,85,60,40,35,25,15,0,0,Monday,False
1044,2022-08-22 18:00:00,90,85,70,50,35,25,20,0,0,Monday,False
1045,2022-08-22 18:15:00,95,75,70,50,30,30,15,0,0,Monday,False
1046,2022-08-22 18:30:00,90,75,60,35,30,30,20,0,0,Monday,False
1047,2022-08-22 18:45:00,85,60,60,30,30,30,25,0,0,Monday,False
1048,2022-08-22 19:00:00,80,65,60,30,25,25,15,0,0,Monday,False
1049,2022-08-22 19:15:00,75,65,65,35,20,25,15,0,0,Monday,False
1050,2022-08-22 19:30:00,75,65,70,35,20,25,15,0,0,Monday,False
1051,2022-08-22 19:45:00,80,65,70,35,20,25,20,0,0,Monday,False
1052,2022-08-22 20:00:00,0,0,70,35,20,25,0,0,0,Monday,False
1053,2022-08-22 20:15:00,0,0,0,35,15,25,0,0,0,Monday,False
1054,2022-08-22 20:30:00,0,0,0,0,10,20,0,0,0,Monday,False
1055,2022-08-22 20:45:00,0,0,0,0,0,0,0,0,0,Monday,False
1056,2022-08-23 09:00:00,140,100,120,55,35,5,0,0,1,Tuesday,False
1057,2022-08-23 09:15:00,120,90,110,60,40,5,0,0,1,Tuesday,False
1058,2022-08-23 09:30:00,130,110,100,70,45,40,0,0,1,Tuesday,False
1059,2022-08-23 09:45:00,140,120,90,70,50,40,0,0,1,Tuesday,False
1060,2022-08-23 10:00:00,130,120,90,70,55,45,5,0,1,Tuesday,False
1061,2022-08-23 10:15:00,130,110,90,70,55,50,15,0,1,Tuesday,False
1062,2022-08-23 10:30:00,110,90,90,70,50,45,20,0,1,Tuesday,False
1063,2022-08-23 10:45:00,100,80,100,65,55,45,25,0,1,Tuesday,False
1064,2022-08-23 11:00:00,105,65,100,65,50,45,25,0,1,Tuesday,False
1065,2022-08-23 11:15:00,105,65,90,65,50,45,30,0,1,Tuesday,False
1066,2022-08-23 11:30:00,105,70,80,65,45,40,15,0,1,Tuesday,False
1067,2022-08-23 11:45:00,115,75,80,70,45,35,15,0,1,Tuesday,False
1068,2022-08-23 12:00:00,115,75,80,65,45,40,20,0,1,Tuesday,False
1069,2022-08-23 12:15:00,110,75,70,60,45,40,25,0,1,Tuesday,False
1070,2022-08-23 12:30:00,90,70,70,55,45,40,25,0,1,Tuesday,False
1071,2022-08-23 12:45:00,95,75,70,55,45,40,25,0,1,Tuesday,False
1072,2022-08-23 13:00:00,95,85,70,55,45,35,15,0,1,Tuesday,False
1073,2022-08-23 13:15:00,110,90,60,60,45,35,20,0,1,Tuesday,False
1074,2022-08-23 13:30:00,110,90,80,65,45,40,20,0,1,Tuesday,False
1075,2022-08-23 13:45:00,100,80,80,60,45,40,20,0,1,Tuesday,False
1076,2022-08-23 14:00:00,95,75,80,60,45,40,25,0,1,Tuesday,False
1077,2022-08-23 14:15:00,90,75,80,60,55,45,25,0,1,Tuesday,False
1078,2022-08-23 14:30:00,90,80,80,60,55,45,30,0,1,Tuesday,False
1079,2022-08-23 14:45:00,100,80,80,55,50,45,20,0,1,Tuesday,False
1080,2022-08-23 15:00:00,120,75,80,55,45,40,20,0,1,Tuesday,False
1081,2022-08-23 15:15:00,115,75,70,55,45,35,25,0,1,Tuesday,False
1082,2022-08-23 15:30:00,115,75,80,55,45,35,30,0,1,Tuesday,False
1083,2022-08-23 15:45:00,105,75,75,60,45,40,15,0,1,Tuesday,False
1084,2022-08-23 16:00:00,95,90,70,60,45,35,15,0,1,Tuesday,False
1085,2022-08-23 16:15:00,90,90,75,55,40,35,15,0,1,Tuesday,False
1086,2022-08-23 16:30:00,105,95,90,55,40,40,25,0,1,Tuesday,False
1087,2022-08-23 16:45:00,120,95,90,55,40,40,45,0,1,Tuesday,False
1088,2022-08-23 17:00:00,120,95,90,50,40,40,30,0,1,Tuesday,False
1089,2022-08-23 17:15:00,130,95,90,45,35,40,15,0,1,Tuesday,False
1090,2022-08-23 17:30:00,120,90,90,50,35,30,25,0,1,Tuesday,False
1091,2022-08-23 17:45:00,120,90,90,55,40,35,25,0,1,Tuesday,False
1092,2022-08-23 18:00:00,130,75,100,55,45,40,15,0,1,Tuesday,False
1093,2022-08-23 18:15:00,130,90,90,55,45,45,15,0,1,Tuesday,False
1094,2022-08-23 18:30:00,130,90,100,55,40,45,20,0,1,Tuesday,False
1095,2022-08-23 18:45:00,130,90,100,50,40,45,25,0,1,Tuesday,False
1096,2022-08-23 19:00:00,0,90,100,50,35,40,15,0,1,Tuesday,False
1097,2022-08-23 19:15:00,0,90,100,50,35,35,15,0,1,Tuesday,False
1098,2022-08-23 19:30:00,0,90,0,50,35,30,15,0,1,Tuesday,False
1099,2022-08-23 19:45:00,0,0,0,50,45,30,20,0,1,Tuesday,False
1100,2022-08-23 20:00:00,0,0,0,55,40,35,0,0,1,Tuesday,False
1101,2022-08-23 20:15:00,0,0,0,0,30,35,0,0,1,Tuesday,False
1102,2022-08-23 20:30:00,0,0,0,0,25,0,0,0,1,Tuesday,False
1103,2022-08-23 20:45:00,0,0,0,0,0,0,0,0,1,Tuesday,False
1104,2022-08-24 09:00:00,150,100,5,60,25,5,0,0,2,Wednesday,False
1105,2022-08-24 09:15:00,140,110,110,60,25,10,0,0,2,Wednesday,False
1106,2022-08-24 09:30:00,120,110,120,65,50,40,0,0,2,Wednesday,False
1107,2022-08-24 09:45:00,120,120,100,70,55,45,0,0,2,Wednesday,False
1108,2022-08-24 10:00:00,120,100,90,70,55,45,5,0,2,Wednesday,False
1109,2022-08-24 10:15:00,110,100,90,65,50,50,15,0,2,Wednesday,False
1110,2022-08-24 10:30:00,100,100,80,65,45,45,20,0,2,Wednesday,False
1111,2022-08-24 10:45:00,100,100,80,65,45,45,25,0,2,Wednesday,False
1112,2022-08-24 11:00:00,90,90,80,60,45,40,25,0,2,Wednesday,False
1113,2022-08-24 11:15:00,90,70,75,55,45,40,20,0,2,Wednesday,False
1114,2022-08-24 11:30:00,90,70,70,55,40,35,20,0,2,Wednesday,False
1115,2022-08-24 11:45:00,90,70,65,50,40,35,15,0,2,Wednesday,False
1116,2022-08-24 12:00:00,95,75,75,50,40,40,25,0,2,Wednesday,False
1117,2022-08-24 12:15:00,100,75,70,50,35,40,25,0,2,Wednesday,False
1118,2022-08-24 12:30:00,100,65,65,50,40,45,25,0,2,Wednesday,False
1119,2022-08-24 12:45:00,100,65,60,50,40,35,15,0,2,Wednesday,False
1120,2022-08-24 13:00:00,100,80,70,50,40,35,15,0,2,Wednesday,False
1121,2022-08-24 13:15:00,100,80,80,55,35,40,15,0,2,Wednesday,False
1122,2022-08-24 13:30:00,95,75,70,50,35,35,20,0,2,Wednesday,False
1123,2022-08-24 13:45:00,85,75,65,45,40,35,25,0,2,Wednesday,False
1124,2022-08-24 14:00:00,85,75,55,50,35,40,25,0,2,Wednesday,False
1125,2022-08-24 14:15:00,90,75,65,55,50,40,15,0,2,Wednesday,False
1126,2022-08-24 14:30:00,90,85,60,55,45,40,15,0,2,Wednesday,False
1127,2022-08-24 14:45:00,90,75,65,55,45,40,15,0,2,Wednesday,False
1128,2022-08-24 15:00:00,100,75,70,50,40,40,20,0,2,Wednesday,False
1129,2022-08-24 15:15:00,100,70,70,45,40,40,25,0,2,Wednesday,False
1130,2022-08-24 15:30:00,90,70,65,50,40,35,30,0,2,Wednesday,False
1131,2022-08-24 15:45:00,90,75,55,45,35,35,15,0,2,Wednesday,False
1132,2022-08-24 16:00:00,95,80,55,45,35,30,15,0,2,Wednesday,False
1133,2022-08-24 16:15:00,95,80,65,45,35,40,25,0,2,Wednesday,False
1134,2022-08-24 16:30:00,95,80,65,45,35,40,25,0,2,Wednesday,False
1135,2022-08-24 16:45:00,95,70,65,45,35,40,20,0,2,Wednesday,False
1136,2022-08-24 17:00:00,95,70,65,40,35,35,25,0,2,Wednesday,False
1137,2022-08-24 17:15:00,100,75,60,40,30,35,20,0,2,Wednesday,False
1138,2022-08-24 17:30:00,110,75,65,40,25,35,25,0,2,Wednesday,False
1139,2022-08-24 17:45:00,95,75,65,35,35,30,25,0,2,Wednesday,False
1140,2022-08-24 18:00:00,110,80,70,50,35,35,30,0,2,Wednesday,False
1141,2022-08-24 18:15:00,110,80,70,45,35,40,15,0,2,Wednesday,False
1142,2022-08-24 18:30:00,100,85,70,40,35,40,20,0,2,Wednesday,False
1143,2022-08-24 18:45:00,90,70,70,40,30,35,25,0,2,Wednesday,False
1144,2022-08-24 19:00:00,95,60,75,40,25,25,25,0,2,Wednesday,False
1145,2022-08-24 19:15:00,90,75,75,35,20,25,15,0,2,Wednesday,False
1146,2022-08-24 19:30:00,0,75,75,35,20,25,15,0,2,Wednesday,False
1147,2022-08-24 19:45:00,0,0,0,45,20,25,25,0,2,Wednesday,False
1148,2022-08-24 20:00:00,0,0,0,50,25,25,0,0,2,Wednesday,False
1149,2022-08-24 20:15:00,0,0,0,45,25,25,0,0,2,Wednesday,False
1150,2022-08-24 20:30:00,0,0,0,0,20,25,0,0,2,Wednesday,False
1151,2022-08-24 20:45:00,0,0,0,0,15,0,0,0,2,Wednesday,False
1152,2022-08-25 09:00:00,0,0,0,0,0,0,0,0,3,Thursday,False
1153,2022-08-25 09:15:00,160,130,100,60,35,10,0,0,3,Thursday,False
1154,2022-08-25 09:30:00,140,130,100,60,45,30,0,0,3,Thursday,False
1155,2022-08-25 09:45:00,140,120,100,60,50,45,0,0,3,Thursday,False
1156,2022-08-25 10:00:00,120,110,100,60,50,45,25,0,3,Thursday,False
1157,2022-08-25 10:15:00,110,95,90,60,45,45,20,0,3,Thursday,False
1158,2022-08-25 10:30:00,110,85,90,65,45,40,25,0,3,Thursday,False
1159,2022-08-25 10:45:00,80,70,70,60,45,40,15,0,3,Thursday,False
1160,2022-08-25 11:00:00,95,75,65,55,45,40,15,0,3,Thursday,False
1161,2022-08-25 11:15:00,100,75,65,50,45,40,15,0,3,Thursday,False
1162,2022-08-25 11:30:00,100,65,70,50,45,35,15,0,3,Thursday,False
1163,2022-08-25 11:45:00,100,65,70,45,40,35,15,0,3,Thursday,False
1164,2022-08-25 12:00:00,100,70,70,40,40,35,15,0,3,Thursday,False
1165,2022-08-25 12:15:00,100,80,70,40,40,45,25,0,3,Thursday,False
1166,2022-08-25 12:30:00,100,70,70,50,40,40,25,0,3,Thursday,False
1167,2022-08-25 12:45:00,100,70,80,50,40,40,10,0,3,Thursday,False
1168,2022-08-25 13:00:00,95,80,80,50,40,35,15,0,3,Thursday,False
1169,2022-08-25 13:15:00,95,80,80,50,40,35,20,0,3,Thursday,False
1170,2022-08-25 13:30:00,90,80,65,45,35,35,25,0,3,Thursday,False
1171,2022-08-25 13:45:00,90,80,65,45,35,35,25,0,3,Thursday,False
1172,2022-08-25 14:00:00,100,50,65,40,40,35,25,0,3,Thursday,False
1173,2022-08-25 14:15:00,100,60,65,45,45,40,15,0,3,Thursday,False
1174,2022-08-25 14:30:00,100,70,80,45,40,45,15,0,3,Thursday,False
1175,2022-08-25 14:45:00,100,70,80,50,40,40,20,0,3,Thursday,False
1176,2022-08-25 15:00:00,100,75,65,45,40,35,20,0,3,Thursday,False
1177,2022-08-25 15:15:00,95,70,60,40,40,35,25,0,3,Thursday,False
1178,2022-08-25 15:30:00,90,70,60,40,40,40,20,0,3,Thursday,False
1179,2022-08-25 15:45:00,90,70,55,40,35,40,15,0,3,Thursday,False
1180,2022-08-25 16:00:00,90,70,60,35,35,35,20,0,3,Thursday,False
1181,2022-08-25 16:15:00,90,70,60,40,35,35,20,0,3,Thursday,False
1182,2022-08-25 16:30:00,90,75,70,45,30,35,25,0,3,Thursday,False
1183,2022-08-25 16:45:00,90,75,70,45,30,35,15,0,3,Thursday,False
1184,2022-08-25 17:00:00,100,75,60,35,30,30,35,0,3,Thursday,False
1185,2022-08-25 17:15:00,100,75,60,35,35,30,20,0,3,Thursday,False
1186,2022-08-25 17:30:00,100,70,60,40,25,30,25,0,3,Thursday,False
1187,2022-08-25 17:45:00,100,70,65,40,25,35,15,0,3,Thursday,False
1188,2022-08-25 18:00:00,100,80,75,40,30,35,25,0,3,Thursday,False
1189,2022-08-25 18:15:00,105,80,75,40,40,35,20,0,3,Thursday,False
1190,2022-08-25 18:30:00,105,80,75,35,35,30,25,0,3,Thursday,False
1191,2022-08-25 18:45:00,105,70,75,35,30,30,30,0,3,Thursday,False
1192,2022-08-25 19:00:00,100,70,75,40,25,25,15,0,3,Thursday,False
1193,2022-08-25 19:15:00,90,70,75,40,20,25,25,0,3,Thursday,False
1194,2022-08-25 19:30:00,0,70,80,35,20,25,25,0,3,Thursday,False
1195,2022-08-25 19:45:00,0,70,0,30,25,25,20,0,3,Thursday,False
1196,2022-08-25 20:00:00,0,0,0,30,25,25,0,0,3,Thursday,False
1197,2022-08-25 20:15:00,0,0,0,35,15,25,0,0,3,Thursday,False
1198,2022-08-25 20:30:00,0,0,0,0,10,25,0,0,3,Thursday,False
1199,2022-08-25 20:45:00,0,0,0,0,5,0,0,0,3,Thursday,False
1200,2022-08-26 09:00:00,150,105,110,0,45,5,0,0,4,Friday,False
1201,2022-08-26 09:15:00,150,110,120,0,50,15,0,0,4,Friday,False
1202,2022-08-26 09:30:00,135,125,110,0,50,40,0,0,4,Friday,False
1203,2022-08-26 09:45:00,135,115,100,50,50,40,0,0,4,Friday,False
1204,2022-08-26 10:00:00,115,115,100,55,45,40,10,0,4,Friday,False
1205,2022-08-26 10:15:00,115,110,100,60,45,40,25,0,4,Friday,False
1206,2022-08-26 10:30:00,100,70,90,65,40,40,15,0,4,Friday,False
1207,2022-08-26 10:45:00,100,70,80,65,40,35,25,0,4,Friday,False
1208,2022-08-26 11:00:00,100,60,60,55,45,40,25,0,4,Friday,False
1209,2022-08-26 11:15:00,100,60,60,50,45,40,15,0,4,Friday,False
1210,2022-08-26 11:30:00,110,80,60,45,40,35,15,0,4,Friday,False
1211,2022-08-26 11:45:00,100,80,70,45,40,35,15,0,4,Friday,False
1212,2022-08-26 12:00:00,90,80,70,50,35,35,25,0,4,Friday,False
1213,2022-08-26 12:15:00,90,80,80,55,35,30,25,0,4,Friday,False
1214,2022-08-26 12:30:00,90,70,80,55,40,30,20,0,4,Friday,False
1215,2022-08-26 12:45:00,110,60,70,55,40,35,15,0,4,Friday,False
1216,2022-08-26 13:00:00,110,70,80,45,40,35,15,0,4,Friday,False
1217,2022-08-26 13:15:00,110,70,80,45,35,30,20,0,4,Friday,False
1218,2022-08-26 13:30:00,90,70,55,45,40,30,20,0,4,Friday,False
1219,2022-08-26 13:45:00,90,70,55,50,35,30,25,0,4,Friday,False
1220,2022-08-26 14:00:00,80,70,60,50,35,35,25,0,4,Friday,False
1221,2022-08-26 14:15:00,90,80,65,45,45,30,20,0,4,Friday,False
1222,2022-08-26 14:30:00,100,80,70,45,40,30,15,0,4,Friday,False
1223,2022-08-26 14:45:00,110,60,70,45,40,35,20,0,4,Friday,False
1224,2022-08-26 15:00:00,110,60,70,45,35,35,20,0,4,Friday,False
1225,2022-08-26 15:15:00,80,80,70,45,35,35,20,0,4,Friday,False
1226,2022-08-26 15:30:00,80,80,65,45,35,30,30,0,4,Friday,False
1227,2022-08-26 15:45:00,100,80,70,45,35,30,15,0,4,Friday,False
1228,2022-08-26 16:00:00,100,80,70,40,35,30,15,0,4,Friday,False
1229,2022-08-26 16:15:00,90,80,65,35,35,30,20,0,4,Friday,False
1230,2022-08-26 16:30:00,90,70,70,40,35,30,25,0,4,Friday,False
1231,2022-08-26 16:45:00,90,60,75,45,35,30,20,0,4,Friday,False
1232,2022-08-26 17:00:00,90,50,70,45,30,30,30,0,4,Friday,False
1233,2022-08-26 17:15:00,90,80,65,40,30,25,20,0,4,Friday,False
1234,2022-08-26 17:30:00,90,70,65,45,25,30,30,0,4,Friday,False
1235,2022-08-26 17:45:00,100,70,75,45,25,30,25,0,4,Friday,False
1236,2022-08-26 18:00:00,120,90,75,50,35,30,15,0,4,Friday,False
1237,2022-08-26 18:15:00,120,80,75,45,35,30,15,0,4,Friday,False
1238,2022-08-26 18:30:00,100,70,75,40,30,30,25,0,4,Friday,False
1239,2022-08-26 18:45:00,90,65,70,35,30,30,25,0,4,Friday,False
1240,2022-08-26 19:00:00,90,70,75,35,20,35,25,0,4,Friday,False
1241,2022-08-26 19:15:00,90,75,75,40,20,30,15,0,4,Friday,False
1242,2022-08-26 19:30:00,80,75,80,40,20,20,15,0,4,Friday,False
1243,2022-08-26 19:45:00,0,80,80,40,25,25,20,0,4,Friday,False
1244,2022-08-26 20:00:00,0,0,0,40,20,25,0,0,4,Friday,False
1245,2022-08-26 20:15:00,0,0,0,40,20,30,0,0,4,Friday,False
1246,2022-08-26 20:30:00,0,0,0,40,20,0,0,0,4,Friday,False
1247,2022-08-26 20:45:00,0,0,0,0,15,0,0,0,4,Friday,False
1248,2022-08-27 09:00:00,160,120,90,55,25,5,0,0,5,Saturday,False
1249,2022-08-27 09:15:00,160,120,100,65,35,5,0,0,5,Saturday,False
1250,2022-08-27 09:30:00,150,130,90,65,50,30,0,0,5,Saturday,False
1251,2022-08-27 09:45:00,150,120,100,60,50,40,0,0,5,Saturday,False
1252,2022-08-27 10:00:00,150,120,100,60,50,40,30,0,5,Saturday,False
1253,2022-08-27 10:15:00,140,100,100,60,45,40,15,0,5,Saturday,False
1254,2022-08-27 10:30:00,130,100,90,55,45,35,20,0,5,Saturday,False
1255,2022-08-27 10:45:00,120,90,80,50,45,35,20,0,5,Saturday,False
1256,2022-08-27 11:00:00,120,80,70,50,45,30,25,0,5,Saturday,False
1257,2022-08-27 11:15:00,100,80,70,45,45,30,15,0,5,Saturday,False
1258,2022-08-27 11:30:00,100,70,65,50,40,30,15,0,5,Saturday,False
1259,2022-08-27 11:45:00,90,65,65,55,40,30,15,0,5,Saturday,False
1260,2022-08-27 12:00:00,110,70,70,55,35,30,25,0,5,Saturday,False
1261,2022-08-27 12:15:00,120,70,70,50,35,30,20,0,5,Saturday,False
1262,2022-08-27 12:30:00,120,70,75,40,40,35,15,0,5,Saturday,False
1263,2022-08-27 12:45:00,110,70,80,45,40,30,15,0,5,Saturday,False
1264,2022-08-27 13:00:00,100,70,75,55,40,30,15,0,5,Saturday,False
1265,2022-08-27 13:15:00,100,70,60,55,40,30,20,0,5,Saturday,False
1266,2022-08-27 13:30:00,100,70,60,50,40,25,20,0,5,Saturday,False
1267,2022-08-27 13:45:00,100,70,65,45,40,25,25,0,5,Saturday,False
1268,2022-08-27 14:00:00,100,60,70,45,35,30,25,0,5,Saturday,False
1269,2022-08-27 14:15:00,100,60,65,45,50,30,15,0,5,Saturday,False
1270,2022-08-27 14:30:00,100,60,65,40,45,30,20,0,5,Saturday,False
1271,2022-08-27 14:45:00,100,75,65,40,45,35,20,0,5,Saturday,False
1272,2022-08-27 15:00:00,100,75,65,45,35,30,15,0,5,Saturday,False
1273,2022-08-27 15:15:00,100,75,65,45,35,30,30,0,5,Saturday,False
1274,2022-08-27 15:30:00,100,70,65,40,40,30,30,0,5,Saturday,False
1275,2022-08-27 15:45:00,100,70,65,45,35,30,15,0,5,Saturday,False
1276,2022-08-27 16:00:00,110,65,60,45,35,30,15,0,5,Saturday,False
1277,2022-08-27 16:15:00,110,65,60,0,35,30,20,0,5,Saturday,False
1278,2022-08-27 16:30:00,95,90,70,0,40,35,25,0,5,Saturday,False
1279,2022-08-27 16:45:00,90,85,75,0,45,35,15,0,5,Saturday,False
1280,2022-08-27 17:00:00,90,85,80,0,40,35,35,0,5,Saturday,False
1281,2022-08-27 17:15:00,100,80,75,0,35,35,20,0,5,Saturday,False
1282,2022-08-27 17:30:00,105,80,65,0,30,35,20,0,5,Saturday,False
1283,2022-08-27 17:45:00,105,75,70,0,30,30,25,0,5,Saturday,False
1284,2022-08-27 18:00:00,120,85,80,0,30,30,15,0,5,Saturday,False
1285,2022-08-27 18:15:00,130,80,80,15,35,35,15,0,5,Saturday,False
1286,2022-08-27 18:30:00,120,70,80,40,35,35,20,0,5,Saturday,False
1287,2022-08-27 18:45:00,110,70,80,60,30,25,25,0,5,Saturday,False
1288,2022-08-27 19:00:00,100,80,75,60,25,25,25,0,5,Saturday,False
1289,2022-08-27 19:15:00,90,80,80,60,20,25,15,0,5,Saturday,False
1290,2022-08-27 19:30:00,90,85,90,55,20,30,20,0,5,Saturday,False
1291,2022-08-27 19:45:00,90,85,90,45,20,25,20,0,5,Saturday,False
1292,2022-08-27 20:00:00,0,65,0,40,20,25,0,0,5,Saturday,False
1293,2022-08-27 20:15:00,0,0,0,40,20,25,0,0,5,Saturday,False
1294,2022-08-27 20:30:00,0,0,0,40,10,15,0,0,5,Saturday,False
1295,2022-08-27 20:45:00,0,0,0,0,5,10,0,0,5,Saturday,False
1296,2022-08-28 09:00:00,140,120,100,5,25,5,0,0,6,Sunday,False
1297,2022-08-28 09:15:00,140,120,110,60,30,5,0,0,6,Sunday,False
1298,2022-08-28 09:30:00,140,110,100,65,35,25,0,0,6,Sunday,False
1299,2022-08-28 09:45:00,130,100,100,65,45,35,0,0,6,Sunday,False
1300,2022-08-28 10:00:00,130,80,90,60,50,40,25,0,6,Sunday,False
1301,2022-08-28 10:15:00,125,80,90,55,45,35,20,0,6,Sunday,False
1302,2022-08-28 10:30:00,100,90,80,50,35,35,20,0,6,Sunday,False
1303,2022-08-28 10:45:00,90,80,65,50,30,30,20,0,6,Sunday,False
1304,2022-08-28 11:00:00,90,75,65,50,40,25,25,0,6,Sunday,False
1305,2022-08-28 11:15:00,85,65,65,50,40,30,15,0,6,Sunday,False
1306,2022-08-28 11:30:00,100,65,65,45,40,30,20,0,6,Sunday,False
1307,2022-08-28 11:45:00,100,65,65,45,35,30,15,0,6,Sunday,False
1308,2022-08-28 12:00:00,100,60,50,50,30,30,20,0,6,Sunday,False
1309,2022-08-28 12:15:00,90,70,50,45,30,30,25,0,6,Sunday,False
1310,2022-08-28 12:30:00,95,65,50,45,35,30,15,0,6,Sunday,False
1311,2022-08-28 12:45:00,100,60,50,40,35,30,15,0,6,Sunday,False
1312,2022-08-28 13:00:00,100,70,55,45,35,30,15,0,6,Sunday,False
1313,2022-08-28 13:15:00,100,70,60,50,35,30,15,0,6,Sunday,False
1314,2022-08-28 13:30:00,95,65,60,50,25,30,15,0,6,Sunday,False
1315,2022-08-28 13:45:00,95,65,60,40,25,30,20,0,6,Sunday,False
1316,2022-08-28 14:00:00,95,65,60,40,30,30,25,0,6,Sunday,False
1317,2022-08-28 14:15:00,95,70,65,40,45,30,15,0,6,Sunday,False
1318,2022-08-28 14:30:00,90,70,70,35,40,30,15,0,6,Sunday,False
1319,2022-08-28 14:45:00,90,70,70,40,40,30,15,0,6,Sunday,False
1320,2022-08-28 15:00:00,85,70,60,40,30,30,20,0,6,Sunday,False
1321,2022-08-28 15:15:00,85,70,60,40,30,30,25,0,6,Sunday,False
1322,2022-08-28 15:30:00,95,70,60,40,25,30,15,0,6,Sunday,False
1323,2022-08-28 15:45:00,95,70,65,45,25,30,15,0,6,Sunday,False
1324,2022-08-28 16:00:00,90,65,65,35,30,30,15,0,6,Sunday,False
1325,2022-08-28 16:15:00,90,65,60,35,30,30,15,0,6,Sunday,False
1326,2022-08-28 16:30:00,95,70,70,35,30,35,25,0,6,Sunday,False
1327,2022-08-28 16:45:00,95,65,70,40,25,35,15,0,6,Sunday,False
1328,2022-08-28 17:00:00,85,60,55,35,25,35,35,0,6,Sunday,False
1329,2022-08-28 17:15:00,85,55,50,35,20,30,20,0,6,Sunday,False
1330,2022-08-28 17:30:00,90,55,45,30,20,30,25,0,6,Sunday,False
1331,2022-08-28 17:45:00,85,70,50,30,20,25,25,0,6,Sunday,False
1332,2022-08-28 18:00:00,90,75,70,35,20,25,15,0,6,Sunday,False
1333,2022-08-28 18:15:00,95,75,65,35,20,25,15,0,6,Sunday,False
1334,2022-08-28 18:30:00,95,70,65,35,20,25,15,0,6,Sunday,False
1335,2022-08-28 18:45:00,90,60,55,35,20,25,25,0,6,Sunday,False
1336,2022-08-28 19:00:00,90,55,55,35,15,25,25,0,6,Sunday,False
1337,2022-08-28 19:15:00,95,60,55,30,15,25,20,0,6,Sunday,False
1338,2022-08-28 19:30:00,90,65,60,25,10,20,15,0,6,Sunday,False
1339,2022-08-28 19:45:00,0,65,60,25,10,20,25,0,6,Sunday,False
1340,2022-08-28 20:00:00,0,0,0,25,10,20,0,0,6,Sunday,False
1341,2022-08-28 20:15:00,0,0,0,25,5,20,0,0,6,Sunday,False
1342,2022-08-28 20:30:00,0,0,0,30,5,15,0,0,6,Sunday,False
1343,2022-08-28 20:45:00,0,0,0,0,10,0,0,0,6,Sunday,False
1344,2022-08-29 09:00:00,130,85,120,5,50,5,0,0,0,Monday,False
1345,2022-08-29 09:15:00,140,110,100,0,50,20,0,0,0,Monday,False
1346,2022-08-29 09:30:00,120,100,80,0,45,40,0,0,0,Monday,False
1347,2022-08-29 09:45:00,110,90,90,0,40,40,0,0,0,Monday,False
1348,2022-08-29 10:00:00,120,80,90,10,45,45,15,15,0,Monday,False
1349,2022-08-29 10:15:00,110,80,90,60,40,40,20,20,0,Monday,False
1350,2022-08-29 10:30:00,110,80,80,55,40,35,25,20,0,Monday,False
1351,2022-08-29 10:45:00,90,70,80,50,40,35,20,20,0,Monday,False
1352,2022-08-29 11:00:00,90,65,60,50,40,40,20,20,0,Monday,False
1353,2022-08-29 11:15:00,80,55,50,50,40,35,20,15,0,Monday,False
1354,2022-08-29 11:30:00,80,55,55,45,35,35,15,20,0,Monday,False
1355,2022-08-29 11:45:00,85,55,60,45,35,30,20,15,0,Monday,False
1356,2022-08-29 12:00:00,85,50,60,45,35,30,20,15,0,Monday,False
1357,2022-08-29 12:15:00,100,60,65,55,30,30,25,15,0,Monday,False
1358,2022-08-29 12:30:00,90,50,60,60,35,25,25,20,0,Monday,False
1359,2022-08-29 12:45:00,80,55,65,50,35,35,15,25,0,Monday,False
1360,2022-08-29 13:00:00,80,70,75,45,35,30,15,20,0,Monday,False
1361,2022-08-29 13:15:00,80,70,75,45,35,30,15,20,0,Monday,False
1362,2022-08-29 13:30:00,80,70,75,45,35,30,20,15,0,Monday,False
1363,2022-08-29 13:45:00,80,70,75,50,35,35,25,15,0,Monday,False
1364,2022-08-29 14:00:00,85,55,70,50,35,30,25,15,0,Monday,False
1365,2022-08-29 14:15:00,70,55,70,50,45,30,20,15,0,Monday,False
1366,2022-08-29 14:30:00,75,65,60,45,45,30,15,30,0,Monday,False
1367,2022-08-29 14:45:00,85,70,55,45,40,35,15,20,0,Monday,False
1368,2022-08-29 15:00:00,90,70,60,45,30,35,20,20,0,Monday,False
1369,2022-08-29 15:15:00,90,65,55,45,25,30,25,20,0,Monday,False
1370,2022-08-29 15:30:00,80,70,55,40,25,30,25,20,0,Monday,False
1371,2022-08-29 15:45:00,75,65,65,35,25,30,15,20,0,Monday,False
1372,2022-08-29 16:00:00,70,60,70,30,25,25,15,15,0,Monday,False
1373,2022-08-29 16:15:00,65,60,65,40,25,30,20,20,0,Monday,False
1374,2022-08-29 16:30:00,70,65,70,40,25,25,25,30,0,Monday,False
1375,2022-08-29 16:45:00,70,65,65,40,25,25,45,15,0,Monday,False
1376,2022-08-29 17:00:00,75,65,60,35,20,20,35,15,0,Monday,False
1377,2022-08-29 17:15:00,75,65,55,35,20,20,20,20,0,Monday,False
1378,2022-08-29 17:30:00,75,50,55,45,20,25,20,25,0,Monday,False
1379,2022-08-29 17:45:00,75,70,65,45,15,25,25,20,0,Monday,False
1380,2022-08-29 18:00:00,80,70,70,40,20,25,20,30,0,Monday,False
1381,2022-08-29 18:15:00,80,70,65,35,25,35,20,30,0,Monday,False
1382,2022-08-29 18:30:00,80,75,65,35,25,30,15,15,0,Monday,False
1383,2022-08-29 18:45:00,75,75,65,35,20,30,25,20,0,Monday,False
1384,2022-08-29 19:00:00,75,60,55,40,15,25,25,15,0,Monday,False
1385,2022-08-29 19:15:00,75,60,65,35,10,25,15,20,0,Monday,False
1386,2022-08-29 19:30:00,70,55,65,35,10,20,15,20,0,Monday,False
1387,2022-08-29 19:45:00,70,65,70,35,15,25,20,20,0,Monday,False
1388,2022-08-29 20:00:00,0,55,0,30,10,20,0,20,0,Monday,False
1389,2022-08-29 20:15:00,0,0,0,35,5,20,0,20,0,Monday,False
1390,2022-08-29 20:30:00,0,0,0,35,10,20,0,15,0,Monday,False
1391,2022-08-29 20:45:00,0,0,0,0,5,0,0,15,0,Monday,False
1392,2022-08-30 09:00:00,130,0,130,70,40,5,0,0,1,Tuesday,False
1393,2022-08-30 09:15:00,120,0,130,75,50,30,0,0,1,Tuesday,False
1394,2022-08-30 09:30:00,120,0,110,75,50,55,0,0,1,Tuesday,False
1395,2022-08-30 09:45:00,120,0,110,75,55,60,0,0,1,Tuesday,False
1396,2022-08-30 10:00:00,120,0,110,75,55,50,30,30,1,Tuesday,False
1397,2022-08-30 10:15:00,115,0,110,75,60,50,20,30,1,Tuesday,False
1398,2022-08-30 10:30:00,115,0,110,70,60,60,20,35,1,Tuesday,False
1399,2022-08-30 10:45:00,110,0,110,70,60,60,15,40,1,Tuesday,False
1400,2022-08-30 11:00:00,110,110,100,70,55,60,25,35,1,Tuesday,False
1401,2022-08-30 11:15:00,110,90,90,70,55,50,30,30,1,Tuesday,False
1402,2022-08-30 11:30:00,110,80,90,65,55,50,15,30,1,Tuesday,False
1403,2022-08-30 11:45:00,110,75,100,65,55,50,15,25,1,Tuesday,False
1404,2022-08-30 12:00:00,110,80,100,75,50,50,20,20,1,Tuesday,False
1405,2022-08-30 12:15:00,115,90,80,80,45,45,25,30,1,Tuesday,False
1406,2022-08-30 12:30:00,115,105,80,80,50,45,25,30,1,Tuesday,False
1407,2022-08-30 12:45:00,115,105,90,80,50,45,15,30,1,Tuesday,False
1408,2022-08-30 13:00:00,110,100,90,75,50,50,15,45,1,Tuesday,False
1409,2022-08-30 13:15:00,110,95,100,70,50,50,20,35,1,Tuesday,False
1410,2022-08-30 13:30:00,110,85,90,70,50,60,20,35,1,Tuesday,False
1411,2022-08-30 13:45:00,105,85,90,75,50,50,20,35,1,Tuesday,False
1412,2022-08-30 14:00:00,105,90,80,70,60,50,30,35,1,Tuesday,False
1413,2022-08-30 14:15:00,105,95,90,70,60,50,30,30,1,Tuesday,False
1414,2022-08-30 14:30:00,110,100,100,75,55,50,40,35,1,Tuesday,False
1415,2022-08-30 14:45:00,120,95,100,75,55,50,35,40,1,Tuesday,False
1416,2022-08-30 15:00:00,120,95,100,75,45,45,20,40,1,Tuesday,False
1417,2022-08-30 15:15:00,115,105,100,70,45,45,25,30,1,Tuesday,False
1418,2022-08-30 15:30:00,105,105,90,70,45,50,30,30,1,Tuesday,False
1419,2022-08-30 15:45:00,105,105,90,70,50,50,15,30,1,Tuesday,False
1420,2022-08-30 16:00:00,110,105,90,60,50,50,15,25,1,Tuesday,False
1421,2022-08-30 16:15:00,110,100,90,60,50,50,25,30,1,Tuesday,False
1422,2022-08-30 16:30:00,120,100,100,70,50,50,30,45,1,Tuesday,False
1423,2022-08-30 16:45:00,130,100,100,70,50,45,20,50,1,Tuesday,False
1424,2022-08-30 17:00:00,130,110,110,70,45,35,35,45,1,Tuesday,False
1425,2022-08-30 17:15:00,130,115,110,65,40,35,40,35,1,Tuesday,False
1426,2022-08-30 17:30:00,130,110,110,65,40,40,20,35,1,Tuesday,False
1427,2022-08-30 17:45:00,145,110,110,65,50,40,30,35,1,Tuesday,False
1428,2022-08-30 18:00:00,150,110,110,70,50,40,30,45,1,Tuesday,False
1429,2022-08-30 18:15:00,145,100,120,70,50,35,25,30,1,Tuesday,False
1430,2022-08-30 18:30:00,135,90,110,65,45,45,20,25,1,Tuesday,False
1431,2022-08-30 18:45:00,130,100,100,65,45,50,30,30,1,Tuesday,False
1432,2022-08-30 19:00:00,0,100,110,65,40,40,25,35,1,Tuesday,False
1433,2022-08-30 19:15:00,0,100,110,65,40,30,30,30,1,Tuesday,False
1434,2022-08-30 19:30:00,0,0,0,65,40,30,20,30,1,Tuesday,False
1435,2022-08-30 19:45:00,0,0,0,70,40,40,30,35,1,Tuesday,False
1436,2022-08-30 20:00:00,0,0,0,70,40,40,0,35,1,Tuesday,False
1437,2022-08-30 20:15:00,0,0,0,0,0,40,0,35,1,Tuesday,False
1438,2022-08-30 20:30:00,0,0,0,0,0,0,0,35,1,Tuesday,False
1439,2022-08-30 20:45:00,0,0,0,0,0,0,0,35,1,Tuesday,False
